sub_id,row_index,contribution_receipt_amount,flag,evidence
4012120261303042476,261,-25.0,refund_or_adjustment,negative_amount
4012120261303043364,668,-5000.0,refund_or_adjustment,negative_amount
4012120261303042517,929,-100.0,refund_or_adjustment,negative_amount
4012120261303041240,931,-100.0,refund_or_adjustment,negative_amount
4012120261303042291,2202,-350.0,refund_or_adjustment,negative_amount
4012120261303040645,2221,-350.0,refund_or_adjustment,negative_amount
4012120261303042826,2788,-25.0,refund_or_adjustment,negative_amount
4012120261303043328,3981,-0.34,refund_or_adjustment,negative_amount
4012120261303043239,3994,-0.34,refund_or_adjustment,negative_amount
4012120261303043229,3996,-0.34,refund_or_adjustment,negative_amount
4012120261303043215,4001,-0.34,refund_or_adjustment,negative_amount
4012120261303043205,4002,-0.34,refund_or_adjustment,negative_amount
4012120261303043160,4012,-0.34,refund_or_adjustment,negative_amount
4012120261303043154,4016,-0.34,refund_or_adjustment,negative_amount
4012120261303043129,4022,-0.34,refund_or_adjustment,negative_amount
4012120261303043116,4024,-0.34,refund_or_adjustment,negative_amount
4012120261303043101,4028,-0.34,refund_or_adjustment,negative_amount
4012120261303043092,4030,-0.34,refund_or_adjustment,negative_amount
4012120261303043010,4046,-0.34,refund_or_adjustment,negative_amount
4012120261303042988,4051,-0.34,refund_or_adjustment,negative_amount
4012120261303042976,4055,-0.34,refund_or_adjustment,negative_amount
4012120261303042960,4059,-0.34,refund_or_adjustment,negative_amount
4012120261303042957,4060,-0.34,refund_or_adjustment,negative_amount
4012120261303042956,4061,-0.34,refund_or_adjustment,negative_amount
4012120261303042921,4070,-0.34,refund_or_adjustment,negative_amount
4012120261303042913,4071,-0.34,refund_or_adjustment,negative_amount
4012120261303042892,4076,-0.34,refund_or_adjustment,negative_amount
4012120261303042883,4078,-0.34,refund_or_adjustment,negative_amount
4012120261303042851,4083,-0.34,refund_or_adjustment,negative_amount
4012120261303042825,4091,-0.34,refund_or_adjustment,negative_amount
4012120261303042810,4093,-0.34,refund_or_adjustment,negative_amount
4012120261303042808,4095,-0.34,refund_or_adjustment,negative_amount
4012120261303042782,4102,-0.34,refund_or_adjustment,negative_amount
4012120261303042708,4112,-0.34,refund_or_adjustment,negative_amount
4012120261303042698,4116,-0.34,refund_or_adjustment,negative_amount
4012120261303042682,4119,-0.34,refund_or_adjustment,negative_amount
4012120261303042639,4127,-0.34,refund_or_adjustment,negative_amount
4012120261303042625,4131,-0.34,refund_or_adjustment,negative_amount
4012120261303042522,4155,-0.34,refund_or_adjustment,negative_amount
4012120261303042473,4165,-0.34,refund_or_adjustment,negative_amount
4012120261303042465,4168,-0.34,refund_or_adjustment,negative_amount
4012120261303042459,4171,-0.34,refund_or_adjustment,negative_amount
4012120261303042458,4172,-0.34,refund_or_adjustment,negative_amount
4012120261303042428,4180,-0.34,refund_or_adjustment,negative_amount
4012120261303042415,4181,-0.34,refund_or_adjustment,negative_amount
4012120261303042347,4201,-0.34,refund_or_adjustment,negative_amount
4012120261303042335,4203,-0.34,refund_or_adjustment,negative_amount
4012120261303042280,4217,-0.34,refund_or_adjustment,negative_amount
4012120261303042201,4240,-0.34,refund_or_adjustment,negative_amount
4012120261303042186,4242,-0.34,refund_or_adjustment,negative_amount
4012120261303042185,4243,-0.34,refund_or_adjustment,negative_amount
4012120261303042126,4258,-0.34,refund_or_adjustment,negative_amount
4012120261303042032,4284,-0.34,refund_or_adjustment,negative_amount
4012120261303041971,4295,-0.34,refund_or_adjustment,negative_amount
4012120261303041962,4296,-0.34,refund_or_adjustment,negative_amount
4012120261303041950,4301,-0.34,refund_or_adjustment,negative_amount
4012120261303041878,4315,-0.34,refund_or_adjustment,negative_amount
4012120261303041875,4316,-0.34,refund_or_adjustment,negative_amount
4012120261303041862,4318,-0.34,refund_or_adjustment,negative_amount
4012120261303041829,4327,-0.34,refund_or_adjustment,negative_amount
4012120261303041826,4329,-0.34,refund_or_adjustment,negative_amount
4012120261303041756,4343,-0.34,refund_or_adjustment,negative_amount
4012120261303041753,4345,-0.34,refund_or_adjustment,negative_amount
4012120261303041672,4355,-0.34,refund_or_adjustment,negative_amount
4012120261303041656,4360,-0.34,refund_or_adjustment,negative_amount
4012120261303041634,4363,-0.34,refund_or_adjustment,negative_amount
4012120261303041600,4370,-0.34,refund_or_adjustment,negative_amount
4012120261303041581,4375,-0.34,refund_or_adjustment,negative_amount
4012120261303041438,4408,-0.34,refund_or_adjustment,negative_amount
4012120261303041381,4423,-0.34,refund_or_adjustment,negative_amount
4012120261303041335,4433,-0.34,refund_or_adjustment,negative_amount
4012120261303041298,4439,-0.34,refund_or_adjustment,negative_amount
4012120261303041282,4445,-0.34,refund_or_adjustment,negative_amount
4012120261303041279,4446,-0.34,refund_or_adjustment,negative_amount
4012120261303041271,4448,-0.34,refund_or_adjustment,negative_amount
4012120261303041253,4450,-0.34,refund_or_adjustment,negative_amount
4012120261303041241,4455,-0.34,refund_or_adjustment,negative_amount
4012120261303041230,4457,-0.34,refund_or_adjustment,negative_amount
4012120261303041199,4463,-0.34,refund_or_adjustment,negative_amount
4012120261303041147,4470,-0.34,refund_or_adjustment,negative_amount
4012120261303041074,4489,-0.34,refund_or_adjustment,negative_amount
4012120261303041064,4493,-0.34,refund_or_adjustment,negative_amount
4012120261303041052,4496,-0.34,refund_or_adjustment,negative_amount
4012120261303041041,4498,-0.34,refund_or_adjustment,negative_amount
4012120261303040856,4533,-0.34,refund_or_adjustment,negative_amount
4012120261303040778,4551,-0.34,refund_or_adjustment,negative_amount
4012120261303040745,4560,-0.34,refund_or_adjustment,negative_amount
4012120261303040708,4566,-0.34,refund_or_adjustment,negative_amount
4012120261303040675,4573,-0.34,refund_or_adjustment,negative_amount
4012120261303040658,4578,-0.34,refund_or_adjustment,negative_amount
4012120261303040614,4587,-0.34,refund_or_adjustment,negative_amount
4012120261303043355,4793,-0.34,refund_or_adjustment,negative_amount
4012120261303043349,4794,-0.34,refund_or_adjustment,negative_amount
4012120261303043332,4795,-0.34,refund_or_adjustment,negative_amount
4012120261303043322,4796,-0.34,refund_or_adjustment,negative_amount
4012120261303043310,4797,-0.34,refund_or_adjustment,negative_amount
4012120261303043293,4798,-0.34,refund_or_adjustment,negative_amount
4012120261303043280,4801,-0.34,refund_or_adjustment,negative_amount
4012120261303043262,4805,-0.34,refund_or_adjustment,negative_amount
4012120261303043251,4807,-0.34,refund_or_adjustment,negative_amount
4012120261303043245,4808,-0.34,refund_or_adjustment,negative_amount
4012120261303043209,4811,-0.34,refund_or_adjustment,negative_amount
4012120261303043187,4812,-0.34,refund_or_adjustment,negative_amount
4012120261303043168,4813,-0.34,refund_or_adjustment,negative_amount
4012120261303043165,4814,-0.34,refund_or_adjustment,negative_amount
4012120261303043164,4815,-0.34,refund_or_adjustment,negative_amount
4012120261303043131,4817,-0.34,refund_or_adjustment,negative_amount
4012120261303043114,4818,-0.34,refund_or_adjustment,negative_amount
4012120261303043095,4820,-0.34,refund_or_adjustment,negative_amount
4012120261303043043,4823,-0.34,refund_or_adjustment,negative_amount
4012120261303043028,4824,-0.34,refund_or_adjustment,negative_amount
4012120261303043014,4825,-0.34,refund_or_adjustment,negative_amount
4012120261303042973,4827,-0.34,refund_or_adjustment,negative_amount
4012120261303042969,4829,-0.34,refund_or_adjustment,negative_amount
4012120261303042964,4830,-0.34,refund_or_adjustment,negative_amount
4012120261303042959,4831,-0.34,refund_or_adjustment,negative_amount
4012120261303042947,4832,-0.34,refund_or_adjustment,negative_amount
4012120261303042920,4833,-0.34,refund_or_adjustment,negative_amount
4012120261303042914,4834,-0.34,refund_or_adjustment,negative_amount
4012120261303042886,4835,-0.34,refund_or_adjustment,negative_amount
4012120261303042878,4836,-0.34,refund_or_adjustment,negative_amount
4012120261303042843,4840,-0.34,refund_or_adjustment,negative_amount
4012120261303042831,4841,-0.34,refund_or_adjustment,negative_amount
4012120261303042814,4842,-0.34,refund_or_adjustment,negative_amount
4012120261303042801,4843,-0.34,refund_or_adjustment,negative_amount
4012120261303042770,4844,-0.34,refund_or_adjustment,negative_amount
4012120261303042767,4845,-0.34,refund_or_adjustment,negative_amount
4012120261303042755,4849,-0.34,refund_or_adjustment,negative_amount
4012120261303042720,4851,-0.34,refund_or_adjustment,negative_amount
4012120261303042717,4852,-0.34,refund_or_adjustment,negative_amount
4012120261303042686,4854,-0.34,refund_or_adjustment,negative_amount
4012120261303042678,4855,-0.34,refund_or_adjustment,negative_amount
4012120261303042669,4856,-0.34,refund_or_adjustment,negative_amount
4012120261303042660,4857,-0.34,refund_or_adjustment,negative_amount
4012120261303042628,4860,-0.34,refund_or_adjustment,negative_amount
4012120261303042617,4861,-0.34,refund_or_adjustment,negative_amount
4012120261303042605,4864,-0.34,refund_or_adjustment,negative_amount
4012120261303042594,4866,-0.34,refund_or_adjustment,negative_amount
4012120261303042590,4867,-0.34,refund_or_adjustment,negative_amount
4012120261303042586,4868,-0.34,refund_or_adjustment,negative_amount
4012120261303042562,4869,-0.34,refund_or_adjustment,negative_amount
4012120261303042525,4871,-0.34,refund_or_adjustment,negative_amount
4012120261303042520,4872,-0.34,refund_or_adjustment,negative_amount
4012120261303042508,4873,-0.34,refund_or_adjustment,negative_amount
4012120261303042489,4874,-0.34,refund_or_adjustment,negative_amount
4012120261303042432,4877,-0.34,refund_or_adjustment,negative_amount
4012120261303042414,4878,-0.34,refund_or_adjustment,negative_amount
4012120261303042403,4879,-0.34,refund_or_adjustment,negative_amount
4012120261303042392,4881,-0.34,refund_or_adjustment,negative_amount
4012120261303042378,4883,-0.34,refund_or_adjustment,negative_amount
4012120261303042363,4884,-0.34,refund_or_adjustment,negative_amount
4012120261303042334,4885,-0.34,refund_or_adjustment,negative_amount
4012120261303042325,4887,-0.34,refund_or_adjustment,negative_amount
4012120261303042309,4888,-0.34,refund_or_adjustment,negative_amount
4012120261303042269,4890,-0.34,refund_or_adjustment,negative_amount
4012120261303042257,4891,-0.34,refund_or_adjustment,negative_amount
4012120261303042238,4894,-0.34,refund_or_adjustment,negative_amount
4012120261303042228,4895,-0.34,refund_or_adjustment,negative_amount
4012120261303042219,4896,-0.34,refund_or_adjustment,negative_amount
4012120261303042196,4898,-0.34,refund_or_adjustment,negative_amount
4012120261303042177,4900,-0.34,refund_or_adjustment,negative_amount
4012120261303042175,4902,-0.34,refund_or_adjustment,negative_amount
4012120261303042170,4903,-0.34,refund_or_adjustment,negative_amount
4012120261303042155,4904,-0.34,refund_or_adjustment,negative_amount
4012120261303042154,4905,-0.34,refund_or_adjustment,negative_amount
4012120261303042112,4909,-0.34,refund_or_adjustment,negative_amount
4012120261303042095,4911,-0.34,refund_or_adjustment,negative_amount
4012120261303042089,4913,-0.34,refund_or_adjustment,negative_amount
4012120261303042076,4915,-0.34,refund_or_adjustment,negative_amount
4012120261303042068,4916,-0.34,refund_or_adjustment,negative_amount
4012120261303042030,4918,-0.34,refund_or_adjustment,negative_amount
4012120261303042020,4919,-0.34,refund_or_adjustment,negative_amount
4012120261303042015,4920,-0.34,refund_or_adjustment,negative_amount
4012120261303041988,4922,-0.34,refund_or_adjustment,negative_amount
4012120261303041985,4925,-0.34,refund_or_adjustment,negative_amount
4012120261303041977,4926,-0.34,refund_or_adjustment,negative_amount
4012120261303041961,4928,-0.34,refund_or_adjustment,negative_amount
4012120261303041947,4930,-0.34,refund_or_adjustment,negative_amount
4012120261303041920,4932,-0.34,refund_or_adjustment,negative_amount
4012120261303041915,4934,-0.34,refund_or_adjustment,negative_amount
4012120261303041895,4935,-0.34,refund_or_adjustment,negative_amount
4012120261303041828,4940,-0.34,refund_or_adjustment,negative_amount
4012120261303041809,4942,-0.34,refund_or_adjustment,negative_amount
4012120261303041783,4944,-0.34,refund_or_adjustment,negative_amount
4012120261303041772,4945,-0.34,refund_or_adjustment,negative_amount
4012120261303041735,4948,-0.34,refund_or_adjustment,negative_amount
4012120261303041721,4949,-0.34,refund_or_adjustment,negative_amount
4012120261303041719,4950,-0.34,refund_or_adjustment,negative_amount
4012120261303041704,4951,-0.34,refund_or_adjustment,negative_amount
4012120261303041697,4952,-0.34,refund_or_adjustment,negative_amount
4012120261303041693,4953,-0.34,refund_or_adjustment,negative_amount
4012120261303041630,4956,-0.34,refund_or_adjustment,negative_amount
4012120261303041609,4957,-0.34,refund_or_adjustment,negative_amount
4012120261303041607,4958,-0.34,refund_or_adjustment,negative_amount
4012120261303041606,4959,-0.34,refund_or_adjustment,negative_amount
4012120261303041602,4960,-0.34,refund_or_adjustment,negative_amount
4012120261303041592,4961,-0.34,refund_or_adjustment,negative_amount
4012120261303041577,4963,-0.34,refund_or_adjustment,negative_amount
4012120261303041546,4964,-0.34,refund_or_adjustment,negative_amount
4012120261303041538,4965,-0.34,refund_or_adjustment,negative_amount
4012120261303041530,4966,-0.34,refund_or_adjustment,negative_amount
4012120261303041491,4969,-0.34,refund_or_adjustment,negative_amount
4012120261303041479,4970,-0.34,refund_or_adjustment,negative_amount
4012120261303041471,4971,-0.34,refund_or_adjustment,negative_amount
4012120261303041456,4973,-0.34,refund_or_adjustment,negative_amount
4012120261303041454,4974,-0.34,refund_or_adjustment,negative_amount
4012120261303041451,4975,-0.34,refund_or_adjustment,negative_amount
4012120261303041444,4976,-0.34,refund_or_adjustment,negative_amount
4012120261303041411,4977,-0.34,refund_or_adjustment,negative_amount
4012120261303041404,4979,-0.34,refund_or_adjustment,negative_amount
4012120261303041402,4980,-0.34,refund_or_adjustment,negative_amount
4012120261303041384,4981,-0.34,refund_or_adjustment,negative_amount
4012120261303041367,4982,-0.34,refund_or_adjustment,negative_amount
4012120261303041352,4983,-0.34,refund_or_adjustment,negative_amount
4012120261303041332,4984,-0.34,refund_or_adjustment,negative_amount
4012120261303041325,4985,-0.34,refund_or_adjustment,negative_amount
4012120261303041299,4987,-0.34,refund_or_adjustment,negative_amount
4012120261303041292,4988,-0.34,refund_or_adjustment,negative_amount
4012120261303041283,4989,-0.34,refund_or_adjustment,negative_amount
4012120261303041267,4991,-0.34,refund_or_adjustment,negative_amount
4012120261303041250,4993,-0.34,refund_or_adjustment,negative_amount
4012120261303041247,4994,-0.34,refund_or_adjustment,negative_amount
4012120261303041224,4996,-0.34,refund_or_adjustment,negative_amount
4012120261303041213,4997,-0.34,refund_or_adjustment,negative_amount
4012120261303041212,4998,-0.34,refund_or_adjustment,negative_amount
4012120261303041207,4999,-0.34,refund_or_adjustment,negative_amount
4012120261303041205,5000,-0.34,refund_or_adjustment,negative_amount
4012120261303041180,5002,-0.34,refund_or_adjustment,negative_amount
4012120261303041176,5003,-0.34,refund_or_adjustment,negative_amount
4012120261303041175,5004,-0.34,refund_or_adjustment,negative_amount
4012120261303041141,5006,-0.34,refund_or_adjustment,negative_amount
4012120261303041137,5007,-0.34,refund_or_adjustment,negative_amount
4012120261303041105,5009,-0.34,refund_or_adjustment,negative_amount
4012120261303041100,5011,-0.34,refund_or_adjustment,negative_amount
4012120261303041067,5013,-0.34,refund_or_adjustment,negative_amount
4012120261303041048,5014,-0.34,refund_or_adjustment,negative_amount
4012120261303041029,5015,-0.34,refund_or_adjustment,negative_amount
4012120261303041026,5016,-0.34,refund_or_adjustment,negative_amount
4012120261303041021,5017,-0.34,refund_or_adjustment,negative_amount
4012120261303040993,5019,-0.34,refund_or_adjustment,negative_amount
4012120261303040985,5020,-0.34,refund_or_adjustment,negative_amount
4012120261303040975,5021,-0.34,refund_or_adjustment,negative_amount
4012120261303040965,5022,-0.34,refund_or_adjustment,negative_amount
4012120261303040955,5024,-0.34,refund_or_adjustment,negative_amount
4012120261303040937,5026,-0.34,refund_or_adjustment,negative_amount
4012120261303040926,5027,-0.34,refund_or_adjustment,negative_amount
4012120261303040925,5028,-0.34,refund_or_adjustment,negative_amount
4012120261303040893,5030,-0.34,refund_or_adjustment,negative_amount
4012120261303040848,5031,-0.34,refund_or_adjustment,negative_amount
4012120261303040842,5032,-0.34,refund_or_adjustment,negative_amount
4012120261303040834,5033,-0.34,refund_or_adjustment,negative_amount
4012120261303040791,5036,-175.0,refund_or_adjustment,negative_amount
4012120261303040782,5037,-0.34,refund_or_adjustment,negative_amount
4012120261303040742,5039,-0.34,refund_or_adjustment,negative_amount
4012120261303040723,5041,-0.34,refund_or_adjustment,negative_amount
4012120261303040720,5042,-0.34,refund_or_adjustment,negative_amount
4012120261303040693,5044,-0.34,refund_or_adjustment,negative_amount
4012120261303040691,5045,-0.34,refund_or_adjustment,negative_amount
4012120261303040646,5046,-0.34,refund_or_adjustment,negative_amount
4012120261303040618,5047,-0.34,refund_or_adjustment,negative_amount
4012120261303040615,5048,-0.34,refund_or_adjustment,negative_amount
4012120261303043331,5143,-0.34,refund_or_adjustment,negative_amount
4012120261303043264,5145,-0.34,refund_or_adjustment,negative_amount
4012120261303043086,5149,-0.34,refund_or_adjustment,negative_amount
4012120261303043004,5150,-0.34,refund_or_adjustment,negative_amount
4012120261303042940,5153,-0.34,refund_or_adjustment,negative_amount
4012120261303042939,5154,-0.34,refund_or_adjustment,negative_amount
4012120261303042935,5155,-0.34,refund_or_adjustment,negative_amount
4012120261303042724,5161,-0.34,refund_or_adjustment,negative_amount
4012120261303042552,5162,-10.87,refund_or_adjustment,negative_amount
4012120261303042538,5163,-0.34,refund_or_adjustment,negative_amount
4012120261303042435,5165,-0.34,refund_or_adjustment,negative_amount
4012120261303042425,5166,-0.34,refund_or_adjustment,negative_amount
4012120261303042416,5167,-0.34,refund_or_adjustment,negative_amount
4012120261303042151,5169,-0.34,refund_or_adjustment,negative_amount
4012120261303042013,5171,-0.34,refund_or_adjustment,negative_amount
4012120261303041872,5174,-0.34,refund_or_adjustment,negative_amount
4012120261303041857,5175,-10.87,refund_or_adjustment,negative_amount
4012120261303041770,5178,-10.87,refund_or_adjustment,negative_amount
4012120261303041742,5179,-0.34,refund_or_adjustment,negative_amount
4012120261303041626,5183,-10.87,refund_or_adjustment,negative_amount
4012120261303041535,5184,-0.34,refund_or_adjustment,negative_amount
4012120261303041455,5186,-0.34,refund_or_adjustment,negative_amount
4012120261303041419,5188,-0.34,refund_or_adjustment,negative_amount
4012120261303041357,5189,-10.87,refund_or_adjustment,negative_amount
4012120261303041351,5190,-0.34,refund_or_adjustment,negative_amount
4012120261303041211,5195,-0.34,refund_or_adjustment,negative_amount
4012120261303041191,5196,-0.34,refund_or_adjustment,negative_amount
4012120261303041190,5197,-0.34,refund_or_adjustment,negative_amount
4012120261303040971,5199,-10.87,refund_or_adjustment,negative_amount
4012120261303040726,5204,-0.34,refund_or_adjustment,negative_amount
4012120261303040674,5206,-0.34,refund_or_adjustment,negative_amount
4011620261302590283,5651,-8.73,refund_or_adjustment,negative_amount
4011620261302590647,5731,-8.73,refund_or_adjustment,negative_amount
4011620261302590585,5758,-8.73,refund_or_adjustment,negative_amount
4011620261302590529,5771,-8.73,refund_or_adjustment,negative_amount
4011620261302590516,5774,-10.87,refund_or_adjustment,negative_amount
4011620261302590503,5778,-8.73,refund_or_adjustment,negative_amount
4011620261302590496,5782,-10.87,refund_or_adjustment,negative_amount
4011620261302590471,5789,-8.73,refund_or_adjustment,negative_amount
4011620261302590469,5790,-8.73,refund_or_adjustment,negative_amount
4011620261302590461,5794,-8.73,refund_or_adjustment,negative_amount
4011620261302590422,5807,-8.73,refund_or_adjustment,negative_amount
4011620261302590398,5819,-8.73,refund_or_adjustment,negative_amount
4011620261302590368,5828,-8.73,refund_or_adjustment,negative_amount
4011620261302590354,5831,-8.73,refund_or_adjustment,negative_amount
4011620261302590348,5833,-10.87,refund_or_adjustment,negative_amount
4011620261302590344,5834,-8.73,refund_or_adjustment,negative_amount
4011620261302590238,5861,-8.73,refund_or_adjustment,negative_amount
4011620261302590237,5862,-8.73,refund_or_adjustment,negative_amount
4011620261302590226,5866,-8.73,refund_or_adjustment,negative_amount
4011620261302590220,5867,-8.73,refund_or_adjustment,negative_amount
4011620261302590209,5872,-10.87,refund_or_adjustment,negative_amount
4011620261302590168,5885,-8.73,refund_or_adjustment,negative_amount
4011620261302590164,5889,-8.73,refund_or_adjustment,negative_amount
4011620261302590069,5917,-82.5,refund_or_adjustment,negative_amount
4011620261302590031,5929,-8.73,refund_or_adjustment,negative_amount
4011620261302589991,5940,-8.73,refund_or_adjustment,negative_amount
4011620261302589985,5943,-8.73,refund_or_adjustment,negative_amount
4011620261302589968,5949,-8.73,refund_or_adjustment,negative_amount
4011620261302589935,5961,-32.5,refund_or_adjustment,negative_amount
4011620261302589876,5981,-8.73,refund_or_adjustment,negative_amount
4011620261302589869,5988,-50.0,refund_or_adjustment,negative_amount
4011620261302589854,5994,-8.73,refund_or_adjustment,negative_amount
4011620261302589813,6012,-8.73,refund_or_adjustment,negative_amount
4011620261302589807,6014,-8.73,refund_or_adjustment,negative_amount
4011620261302589712,6046,-10.87,refund_or_adjustment,negative_amount
4011620261302589695,6053,-10.87,refund_or_adjustment,negative_amount
4011620261302589676,6060,-8.73,refund_or_adjustment,negative_amount
4011620261302589667,6064,-8.73,refund_or_adjustment,negative_amount
4011620261302589638,6070,-8.73,refund_or_adjustment,negative_amount
4011620261302589633,6073,-8.73,refund_or_adjustment,negative_amount
4011620261302589632,6074,-8.73,refund_or_adjustment,negative_amount
4011620261302589606,6080,-10.87,refund_or_adjustment,negative_amount
4011620261302589603,6082,-8.73,refund_or_adjustment,negative_amount
4011620261302589602,6083,-8.73,refund_or_adjustment,negative_amount
4011620261302589577,6089,-8.73,refund_or_adjustment,negative_amount
4011620261302589576,6090,-8.73,refund_or_adjustment,negative_amount
4011620261302589567,6098,-8.73,refund_or_adjustment,negative_amount
4011620261302589552,6102,-8.73,refund_or_adjustment,negative_amount
4011620261302589511,6115,-10.87,refund_or_adjustment,negative_amount
4011620261302589471,6127,-8.73,refund_or_adjustment,negative_amount
4011620261302589455,6131,-3.6,refund_or_adjustment,negative_amount
4011620261302589433,6138,-8.73,refund_or_adjustment,negative_amount
4011620261302589415,6147,-8.73,refund_or_adjustment,negative_amount
4011620261302589395,6155,-8.73,refund_or_adjustment,negative_amount
4011620261302589356,6170,-8.73,refund_or_adjustment,negative_amount
4011620261302589349,6173,-8.73,refund_or_adjustment,negative_amount
4011620261302589341,6175,-8.73,refund_or_adjustment,negative_amount
4011620261302589325,6179,-8.73,refund_or_adjustment,negative_amount
4011620261302589314,6185,-8.73,refund_or_adjustment,negative_amount
4011620261302589308,6186,-8.73,refund_or_adjustment,negative_amount
4011620261302589295,6191,-8.73,refund_or_adjustment,negative_amount
4011620261302589260,6201,-8.73,refund_or_adjustment,negative_amount
4011620261302589256,6202,-8.73,refund_or_adjustment,negative_amount
4011620261302589231,6212,-8.73,refund_or_adjustment,negative_amount
4011620261302589171,6233,-8.73,refund_or_adjustment,negative_amount
4011620261302589159,6235,-8.73,refund_or_adjustment,negative_amount
4011620261302589158,6236,-10.87,refund_or_adjustment,negative_amount
4011620261302589131,6247,-8.73,refund_or_adjustment,negative_amount
4011620261302589124,6248,-8.73,refund_or_adjustment,negative_amount
4011620261302589109,6256,-8.73,refund_or_adjustment,negative_amount
4011620261302589085,6265,-8.73,refund_or_adjustment,negative_amount
4011620261302589065,6267,-10.87,refund_or_adjustment,negative_amount
4011620261302589036,6275,-8.73,refund_or_adjustment,negative_amount
4011620261302589034,6276,-10.87,refund_or_adjustment,negative_amount
4011620261302589028,6277,-8.73,refund_or_adjustment,negative_amount
4011620261302588999,6280,-8.73,refund_or_adjustment,negative_amount
4011620261302588974,6285,-8.73,refund_or_adjustment,negative_amount
4011620261302588954,6294,-8.73,refund_or_adjustment,negative_amount
4011620261302588945,6295,-10.87,refund_or_adjustment,negative_amount
4011620261302588929,6304,-10.87,refund_or_adjustment,negative_amount
4011620261302588903,6314,-8.73,refund_or_adjustment,negative_amount
4011620261302588857,6326,-8.73,refund_or_adjustment,negative_amount
4011620261302588826,6333,-8.73,refund_or_adjustment,negative_amount
4011620261302588822,6337,-8.73,refund_or_adjustment,negative_amount
4011620261302590537,6528,-50.0,refund_or_adjustment,negative_amount
4011620261302589201,6640,-10.87,refund_or_adjustment,negative_amount
4011620261302589488,6699,-8.73,refund_or_adjustment,negative_amount
4011620261302589214,6702,-10.87,refund_or_adjustment,negative_amount
4011620261302590374,7039,-100.0,refund_or_adjustment,negative_amount
4011620261302589814,7229,-50.0,refund_or_adjustment,negative_amount
4011620261302589050,9265,-50.0,refund_or_adjustment,negative_amount
4011620261302592818,11836,-350.0,refund_or_adjustment,negative_amount
4011620261302594684,13365,-25.0,refund_or_adjustment,negative_amount
4011620261302594673,13367,-300.0,refund_or_adjustment,negative_amount
4011620261302593730,13571,-89.0,refund_or_adjustment,negative_amount
4011620261302592995,13698,-75.0,refund_or_adjustment,negative_amount
4092220251291774078,14992,-25.0,refund_or_adjustment,negative_amount
4092220251291773384,15168,-280.0,refund_or_adjustment,negative_amount
4092220251291774273,16016,-25.0,refund_or_adjustment,negative_amount
4092220251291774310,16208,-205.0,refund_or_adjustment,negative_amount
4092220251291774207,16247,-11.0,refund_or_adjustment,negative_amount
4092220251291774203,16250,-11.0,refund_or_adjustment,negative_amount
4092220251291774202,16251,-11.0,refund_or_adjustment,negative_amount
4092220251291774201,16252,-11.0,refund_or_adjustment,negative_amount
4092420251292199404,17411,-350.0,refund_or_adjustment,negative_amount
4092420251292199402,17412,-350.0,refund_or_adjustment,negative_amount
4092420251292199234,17414,-175.0,refund_or_adjustment,negative_amount
4092420251292200348,17929,-5000.0,refund_or_adjustment,negative_amount
4092420251292200097,17930,-155.0,refund_or_adjustment,negative_amount
4092420251292200096,17931,-155.0,refund_or_adjustment,negative_amount
4092420251292199823,17932,-310.0,refund_or_adjustment,negative_amount
4092420251292199596,17935,-50.0,refund_or_adjustment,negative_amount
4092420251292200177,19415,-25.0,refund_or_adjustment,negative_amount
4092420251292199990,19416,-75.0,refund_or_adjustment,negative_amount
4092420251292199782,19417,-1.25,refund_or_adjustment,negative_amount
4102420231807010738,20879,-50.0,refund_or_adjustment,negative_amount
4102420231807011832,21042,-50.0,refund_or_adjustment,negative_amount
4072420241978929711,21546,-12.5,refund_or_adjustment,negative_amount
4080620251215493923,21888,-350.0,refund_or_adjustment,negative_amount
4102420231807011339,21968,-50.0,refund_or_adjustment,negative_amount
4122920221645231272,22370,-2900.0,refund_or_adjustment,negative_amount
4080620251215494334,22435,-14.29,refund_or_adjustment,negative_amount
4072420241978935478,22813,-100.0,refund_or_adjustment,negative_amount
4072420241978934358,22911,-50.0,refund_or_adjustment,negative_amount
4072120251209631693,23104,-300.0,refund_or_adjustment,negative_amount
4102420231807011449,24137,-130.0,refund_or_adjustment,negative_amount
4072120251209631515,24154,-700.0,refund_or_adjustment,negative_amount
4102420231807011398,24270,-75.0,refund_or_adjustment,negative_amount
4082520251233305023,25208,-50.0,refund_or_adjustment,negative_amount
4102420231807010605,25548,-25.0,refund_or_adjustment,negative_amount
4102420231807011328,26049,-50.0,refund_or_adjustment,negative_amount
4062420241962030120,26648,-50.0,refund_or_adjustment,negative_amount
4102420231807011088,28695,-150.0,refund_or_adjustment,negative_amount
4102420231807010569,29249,-50.0,refund_or_adjustment,negative_amount
4072420241978935403,29662,-12.5,refund_or_adjustment,negative_amount
4102420231807011119,30289,-50.0,refund_or_adjustment,negative_amount
4102420231807011365,30330,-50.0,refund_or_adjustment,negative_amount
4102420231807011595,30923,-150.0,refund_or_adjustment,negative_amount
4110720231809902174,31819,-100.0,refund_or_adjustment,negative_amount
4062420241962029277,33694,-165.0,refund_or_adjustment,negative_amount
4102420231807011794,33958,-25.0,refund_or_adjustment,negative_amount
4080620251215494945,34870,-50.0,refund_or_adjustment,negative_amount
4102420231807010579,35303,-25.0,refund_or_adjustment,negative_amount
4082520251233304960,35946,-125.0,refund_or_adjustment,negative_amount
4011420251130092570,36226,-50.0,refund_or_adjustment,negative_amount
4030320251179413365,36243,-165.0,refund_or_adjustment,negative_amount
4102420231807010885,36284,-50.0,refund_or_adjustment,negative_amount
4123020221645492339,37060,-2100.0,refund_or_adjustment,negative_amount
4102420231807011452,39082,-50.0,refund_or_adjustment,negative_amount
4102420231807010811,40083,-100.0,refund_or_adjustment,negative_amount
4032520241885658592,40423,-5000.0,refund_or_adjustment,negative_amount
4102420231807011135,41736,-50.0,refund_or_adjustment,negative_amount
4072420241978932444,42376,-100.0,refund_or_adjustment,negative_amount
4082520251233305021,43230,-0.22,refund_or_adjustment,negative_amount
4082220242014752067,44033,-50.0,refund_or_adjustment,negative_amount
4102420231807011828,44562,-12.5,refund_or_adjustment,negative_amount
4072420241978934587,45932,-165.0,refund_or_adjustment,negative_amount
4010320231645640774,45995,-25.0,refund_or_adjustment,negative_amount
4112020241071387951,46798,-5.0,refund_or_adjustment,negative_amount
4112020241071387387,46802,-165.0,refund_or_adjustment,negative_amount
4102420231807011399,47788,-25.0,refund_or_adjustment,negative_amount
4102420231807010797,48130,-25.0,refund_or_adjustment,negative_amount
4011420251130092279,49036,-0.9,refund_or_adjustment,negative_amount
4102420231807011114,49166,-165.0,refund_or_adjustment,negative_amount
4102420231807011842,49238,-250.0,refund_or_adjustment,negative_amount
4072120251209631402,49270,-12.5,refund_or_adjustment,negative_amount
4082520251233304932,51436,-165.0,refund_or_adjustment,negative_amount
4102420231807011338,51691,-50.0,refund_or_adjustment,negative_amount
4102420231807010808,52030,-12.5,refund_or_adjustment,negative_amount
4102420231807010610,52231,-25.0,refund_or_adjustment,negative_amount
4102420231807010816,52496,-50.0,refund_or_adjustment,negative_amount
4082520251233304877,52667,-25.0,refund_or_adjustment,negative_amount
4102420231807011841,53449,-330.0,refund_or_adjustment,negative_amount
4112020241071386481,53967,-50.0,refund_or_adjustment,negative_amount
4080620251215493579,53992,-12.5,refund_or_adjustment,negative_amount
4102420231807011410,54473,-7.5,refund_or_adjustment,negative_amount
4102420231807011851,54949,-100.0,refund_or_adjustment,negative_amount
4080620251215495729,55043,-14.29,refund_or_adjustment,negative_amount
4112020241071384633,55076,-50.0,refund_or_adjustment,negative_amount
4102420231807010801,55501,-95.7,refund_or_adjustment,negative_amount
4102420231807011854,56411,-25.0,refund_or_adjustment,negative_amount
4030320251179412715,57137,-165.0,refund_or_adjustment,negative_amount
4072420241978929848,57648,-25.0,refund_or_adjustment,negative_amount
4102420231807011797,58310,-25.0,refund_or_adjustment,negative_amount
4082520251233305706,58721,-25.0,refund_or_adjustment,negative_amount
4102420231807011155,59190,-75.0,refund_or_adjustment,negative_amount
4102420231807010622,59275,-50.0,refund_or_adjustment,negative_amount
4082520251233305513,59784,-12.5,refund_or_adjustment,negative_amount
4102420231807011401,60747,-50.0,refund_or_adjustment,negative_amount
4102420231807011445,60995,-25.0,refund_or_adjustment,negative_amount
4072420241978936224,61306,-9.0,refund_or_adjustment,negative_amount
4080620251215495061,61335,-50.0,refund_or_adjustment,negative_amount
4080620251215495701,61617,-14.29,refund_or_adjustment,negative_amount
4102420231807011823,62372,-25.0,refund_or_adjustment,negative_amount
4080620251215494402,62750,-40.0,refund_or_adjustment,negative_amount
4102420231807011133,63055,-50.0,refund_or_adjustment,negative_amount
4102420231807010570,63145,-25.0,refund_or_adjustment,negative_amount
4102420231807011361,63342,-50.0,refund_or_adjustment,negative_amount
4102420231807010617,63926,-1.25,refund_or_adjustment,negative_amount
4072420241978936809,64237,-5000.0,refund_or_adjustment,negative_amount
4072420241978934525,64776,-17.0,refund_or_adjustment,negative_amount
4102420231807011818,65773,-50.0,refund_or_adjustment,negative_amount
4102420231807011800,66002,-30.0,refund_or_adjustment,negative_amount
4102420231807011852,66453,-50.0,refund_or_adjustment,negative_amount
4112020241071386561,68275,-150.0,refund_or_adjustment,negative_amount
4030320251179412440,68671,-90.0,refund_or_adjustment,negative_amount
4072420241978936492,69312,-165.0,refund_or_adjustment,negative_amount
4102420231807011456,69501,-50.0,refund_or_adjustment,negative_amount
4030320251179412959,70129,-165.0,refund_or_adjustment,negative_amount
4102420231807011847,70410,-25.0,refund_or_adjustment,negative_amount
4032520241885658591,70568,-5000.0,refund_or_adjustment,negative_amount
4072420241978930591,71075,-12.5,refund_or_adjustment,negative_amount
4062420241962030539,71146,-14.65,refund_or_adjustment,negative_amount
4102420231807011109,71235,-50.0,refund_or_adjustment,negative_amount
4112020241071387002,71238,-50.0,refund_or_adjustment,negative_amount
4082220242014752901,71541,-5.0,refund_or_adjustment,negative_amount
4102420231807011827,71632,-100.0,refund_or_adjustment,negative_amount
4082220242014751974,72562,-165.0,refund_or_adjustment,negative_amount
4092320242041367908,72639,-150.0,refund_or_adjustment,negative_amount
4082220242014751875,72721,-125.0,refund_or_adjustment,negative_amount
4112020241071386893,74676,-150.0,refund_or_adjustment,negative_amount
4112020241071385631,75537,-50.0,refund_or_adjustment,negative_amount
4092320242041369152,75659,-37.5,refund_or_adjustment,negative_amount
4102420231807011837,76402,-25.0,refund_or_adjustment,negative_amount
4102420231807011396,77559,-25.0,refund_or_adjustment,negative_amount
4092320242041368831,78035,-330.0,refund_or_adjustment,negative_amount
4102420231807011814,78149,-145.0,refund_or_adjustment,negative_amount
4102420231807011845,78448,-50.0,refund_or_adjustment,negative_amount
4112020241071387594,78578,-165.0,refund_or_adjustment,negative_amount
4102420231807011117,79364,-150.0,refund_or_adjustment,negative_amount
4102420231807010607,79504,-330.0,refund_or_adjustment,negative_amount
4072420241978934420,81840,-12.5,refund_or_adjustment,negative_amount
4062320251206919903,81896,0.0,zero_amount_void_or_refund,zero_amount
4082220242014753294,82331,-125.0,refund_or_adjustment,negative_amount
4102420231807010590,82681,-12.5,refund_or_adjustment,negative_amount
4102420231807011441,84209,-150.0,refund_or_adjustment,negative_amount
4102420231807011345,86506,-25.0,refund_or_adjustment,negative_amount
4102420231807010817,86620,-50.0,refund_or_adjustment,negative_amount
4082520251233305946,86643,-5000.0,refund_or_adjustment,negative_amount
4030320251179412807,86664,-50.0,refund_or_adjustment,negative_amount
4011420251130092416,86759,-50.0,refund_or_adjustment,negative_amount
4102420231807011833,86794,-100.0,refund_or_adjustment,negative_amount
4102420231807011354,86947,-50.0,refund_or_adjustment,negative_amount
4092520231802907738,88159,-165.0,refund_or_adjustment,negative_amount
4102420231807011095,88182,-50.0,refund_or_adjustment,negative_amount
4102420231807010606,88664,-25.0,refund_or_adjustment,negative_amount
4102420231807011390,89715,-50.0,refund_or_adjustment,negative_amount
4072420241978929347,89787,-150.0,refund_or_adjustment,negative_amount
4072420241978930030,90122,-55.6,refund_or_adjustment,negative_amount
4062420241962029533,90773,-37.5,refund_or_adjustment,negative_amount
4062320251206919874,91852,-175.0,refund_or_adjustment,negative_amount
4102420231807010575,93010,-12.5,refund_or_adjustment,negative_amount
4072420241978935658,93807,-12.5,refund_or_adjustment,negative_amount
4080620251215493791,93891,-50.0,refund_or_adjustment,negative_amount
4082220242014754192,93939,-50.0,refund_or_adjustment,negative_amount
4092520231802907740,95055,-165.0,refund_or_adjustment,negative_amount
4102420231807011140,95063,-165.0,refund_or_adjustment,negative_amount
4072420241978936442,95644,-12.5,refund_or_adjustment,negative_amount
4102420231807011860,97268,-25.0,refund_or_adjustment,negative_amount
4102420231807011132,97278,-50.0,refund_or_adjustment,negative_amount
4092320242041370121,97822,-0.05,refund_or_adjustment,negative_amount
4080620251215494061,97942,-50.0,refund_or_adjustment,negative_amount
4102420231807011816,98435,-50.0,refund_or_adjustment,negative_amount
4102420231807010599,99008,-50.0,refund_or_adjustment,negative_amount
4082520251233305025,99075,-50.0,refund_or_adjustment,negative_amount
4080620251215493846,99640,-25.0,refund_or_adjustment,negative_amount
4102420231807010611,100225,-25.0,refund_or_adjustment,negative_amount
4102420231807010594,101018,-12.5,refund_or_adjustment,negative_amount
4112020241071385549,101591,-50.0,refund_or_adjustment,negative_amount
4072420241978930069,101776,-18.0,refund_or_adjustment,negative_amount
4102420231807011819,101797,-50.0,refund_or_adjustment,negative_amount
4102420231807010565,102165,-25.0,refund_or_adjustment,negative_amount
4092520231802907743,102441,-2.5,refund_or_adjustment,negative_amount
4102420231807011351,102646,-25.0,refund_or_adjustment,negative_amount
4082220242014753013,102996,-15.0,refund_or_adjustment,negative_amount
4112020241071385786,103088,-12.5,refund_or_adjustment,negative_amount
4102420231807011594,103472,-165.0,refund_or_adjustment,negative_amount
4102420231807011089,103612,-50.0,refund_or_adjustment,negative_amount
4080620251215493789,103937,-25.0,refund_or_adjustment,negative_amount
4102420231807011111,105159,-100.0,refund_or_adjustment,negative_amount
4102420231807010595,105457,-25.0,refund_or_adjustment,negative_amount
4102420231807010566,108028,-50.0,refund_or_adjustment,negative_amount
4112020241071386405,108055,-165.0,refund_or_adjustment,negative_amount
4092320242041368498,108603,-165.0,refund_or_adjustment,negative_amount
4072420241978931247,109043,-12.5,refund_or_adjustment,negative_amount
4011420251130092126,109156,-25.0,refund_or_adjustment,negative_amount
4102420231807011844,109210,-25.0,refund_or_adjustment,negative_amount
4102420231807011418,109433,-100.0,refund_or_adjustment,negative_amount
4102420231807011123,110228,-150.0,refund_or_adjustment,negative_amount
4102420231807011454,110608,-25.0,refund_or_adjustment,negative_amount
4102420231807011152,110893,-1.8,refund_or_adjustment,negative_amount
4102420231807011096,111846,-165.0,refund_or_adjustment,negative_amount
4072420241978929584,112278,-12.5,refund_or_adjustment,negative_amount
4102420231807011451,112326,-2.5,refund_or_adjustment,negative_amount
4072420241978935138,112899,-165.0,refund_or_adjustment,negative_amount
4072120251209632411,113158,-5000.0,refund_or_adjustment,negative_amount
4062320251206920283,113823,-5000.0,refund_or_adjustment,negative_amount
4080620251215494637,114169,-50.0,refund_or_adjustment,negative_amount
4102420231807011804,114344,-12.5,refund_or_adjustment,negative_amount
4082520251233305947,115839,-5000.0,refund_or_adjustment,negative_amount
4102420231807011346,116007,-100.0,refund_or_adjustment,negative_amount
4062320251206919500,116698,-75.0,refund_or_adjustment,negative_amount
4102420231807011097,116701,-1.25,refund_or_adjustment,negative_amount
4102420231807011389,116868,-50.0,refund_or_adjustment,negative_amount
4102420231807011442,118644,-150.0,refund_or_adjustment,negative_amount
4102420231807011822,118804,-50.0,refund_or_adjustment,negative_amount
4102420231807011830,119187,-25.0,refund_or_adjustment,negative_amount
4102420231807010742,120601,-165.0,refund_or_adjustment,negative_amount
4092320242041370108,120876,-50.0,refund_or_adjustment,negative_amount
4072420241978929635,121208,-150.0,refund_or_adjustment,negative_amount
4102420231807011092,122192,-165.0,refund_or_adjustment,negative_amount
4102420231807010806,122867,-25.0,refund_or_adjustment,negative_amount
4080620251215493794,123218,-25.0,refund_or_adjustment,negative_amount
4080620251215494198,123683,-50.0,refund_or_adjustment,negative_amount
4102420231807011858,124018,-25.0,refund_or_adjustment,negative_amount
4092320242041367976,124951,-330.0,refund_or_adjustment,negative_amount
4102420231807010584,125444,-37.5,refund_or_adjustment,negative_amount
4062420241962029869,125987,-75.0,refund_or_adjustment,negative_amount
4011420251130091700,126124,-50.0,refund_or_adjustment,negative_amount
4112020241071385960,127127,-50.0,refund_or_adjustment,negative_amount
4102420231807011369,127421,-25.0,refund_or_adjustment,negative_amount
4102420231807010621,127819,-25.0,refund_or_adjustment,negative_amount
4092320242041369805,129474,-330.0,refund_or_adjustment,negative_amount
4102420231807011141,129651,-5.0,refund_or_adjustment,negative_amount
4102420231807010586,129885,-25.0,refund_or_adjustment,negative_amount
4102420231807011855,129974,-10.0,refund_or_adjustment,negative_amount
4082520251233305132,130145,-100.0,refund_or_adjustment,negative_amount
4102420231807010804,130359,-50.0,refund_or_adjustment,negative_amount
4112020241071384476,131087,-150.0,refund_or_adjustment,negative_amount
4062420241962027892,131433,-25.0,refund_or_adjustment,negative_amount
4102420231807011102,131458,-150.0,refund_or_adjustment,negative_amount
4102420231807011455,131594,-25.0,refund_or_adjustment,negative_amount
4080620251215494403,131745,-25.0,refund_or_adjustment,negative_amount
4102420231807011094,131795,-150.0,refund_or_adjustment,negative_amount
4102420231807011825,132615,-50.0,refund_or_adjustment,negative_amount
4011320231697777435,132627,-2100.0,refund_or_adjustment,negative_amount
4102420231807010739,133068,-25.0,refund_or_adjustment,negative_amount
4072420241978931773,133798,-165.0,refund_or_adjustment,negative_amount
4082220242014751831,134651,-25.0,refund_or_adjustment,negative_amount
4102420231807011340,134841,-25.0,refund_or_adjustment,negative_amount
4030320251179413302,135120,-50.0,refund_or_adjustment,negative_amount
4080620251215495440,135472,-50.0,refund_or_adjustment,negative_amount
4102420231807010805,135864,-75.0,refund_or_adjustment,negative_amount
4072420241978932034,136724,-165.0,refund_or_adjustment,negative_amount
4102420231807011436,136912,-50.0,refund_or_adjustment,negative_amount
4102420231807010572,137241,-25.0,refund_or_adjustment,negative_amount
4102420231807010604,137359,-25.0,refund_or_adjustment,negative_amount
4080620251215493788,138326,-50.0,refund_or_adjustment,negative_amount
4072420241978932502,138953,-125.0,refund_or_adjustment,negative_amount
4011420251130092662,140781,-6.9,refund_or_adjustment,negative_amount
4072420241978932606,140868,-12.5,refund_or_adjustment,negative_amount
4082220242014753366,141022,-25.0,refund_or_adjustment,negative_amount
4102420231807011121,141605,-150.0,refund_or_adjustment,negative_amount
4102420231807011350,142947,-50.0,refund_or_adjustment,negative_amount
4011420251130093019,143553,0.0,zero_amount_void_or_refund,zero_amount
4102420231807011795,143998,-145.0,refund_or_adjustment,negative_amount
4072120251209631303,144382,-25.0,refund_or_adjustment,negative_amount
4102420231807011372,144707,-25.0,refund_or_adjustment,negative_amount
4072420241978930085,145103,-0.5,refund_or_adjustment,negative_amount
4102420231807011430,145605,-150.0,refund_or_adjustment,negative_amount
4102420231807011093,146934,-50.0,refund_or_adjustment,negative_amount
4102420231807011802,147029,-25.0,refund_or_adjustment,negative_amount
4072420241978930019,147808,-8.75,refund_or_adjustment,negative_amount
4032520241885658593,148997,-2100.0,refund_or_adjustment,negative_amount
4122920221645231273,149212,-2900.0,refund_or_adjustment,negative_amount
4102420231807010581,150491,-25.0,refund_or_adjustment,negative_amount
4102420231807010737,150662,-330.0,refund_or_adjustment,negative_amount
4102420231807011850,150838,-12.5,refund_or_adjustment,negative_amount
4112020241071386424,150933,-100.0,refund_or_adjustment,negative_amount
4072420241978934397,151160,-165.0,refund_or_adjustment,negative_amount
4102420231807011330,151208,-25.0,refund_or_adjustment,negative_amount
4030320251179412941,151447,-25.0,refund_or_adjustment,negative_amount
4102420231807011447,151966,-150.0,refund_or_adjustment,negative_amount
4092320242041369836,152208,-330.0,refund_or_adjustment,negative_amount
4112020241071385610,152459,-50.0,refund_or_adjustment,negative_amount
4102420231807010812,152895,-25.0,refund_or_adjustment,negative_amount
4102420231807011142,153023,-25.0,refund_or_adjustment,negative_amount
4032020251180459153,153381,-5000.0,refund_or_adjustment,negative_amount
4102420231807011815,155138,-50.0,refund_or_adjustment,negative_amount
4112020241071384642,155356,-50.0,refund_or_adjustment,negative_amount
4102420231807011425,156620,-50.0,refund_or_adjustment,negative_amount
4102420231807010744,157622,-125.0,refund_or_adjustment,negative_amount
4102420231807011374,158236,-50.0,refund_or_adjustment,negative_amount
4112020241071385294,158346,-50.0,refund_or_adjustment,negative_amount
4072420241978931807,158410,-25.0,refund_or_adjustment,negative_amount
4080620251215494401,158500,-145.01,refund_or_adjustment,negative_amount
4092320242041368595,158682,-125.0,refund_or_adjustment,negative_amount
4102420231807010796,160038,-50.0,refund_or_adjustment,negative_amount
4082220242014751927,160227,-25.0,refund_or_adjustment,negative_amount
4102420231807010592,160919,-100.0,refund_or_adjustment,negative_amount
4102420231807011347,161515,-50.0,refund_or_adjustment,negative_amount
4102420231807010613,162126,-25.0,refund_or_adjustment,negative_amount
4011420251130091936,162422,-25.0,refund_or_adjustment,negative_amount
4011420251130092360,162692,-100.0,refund_or_adjustment,negative_amount
4102420231807010614,163420,-25.0,refund_or_adjustment,negative_amount
4102420231807010608,164668,-12.5,refund_or_adjustment,negative_amount
4072420241978929770,164670,-165.0,refund_or_adjustment,negative_amount
4102420231807011597,164716,-50.0,refund_or_adjustment,negative_amount
4102420231807011839,164898,-25.0,refund_or_adjustment,negative_amount
4082220242014754219,165003,-0.9,refund_or_adjustment,negative_amount
4072420241978930799,165072,-12.5,refund_or_adjustment,negative_amount
4062420241962028096,165154,-75.0,refund_or_adjustment,negative_amount
4102420231807011363,165163,-50.0,refund_or_adjustment,negative_amount
4092520231802907739,165193,-165.0,refund_or_adjustment,negative_amount
4062420241962026865,166565,-60.0,refund_or_adjustment,negative_amount
4102420231807010563,166884,-100.0,refund_or_adjustment,negative_amount
4080620251215495133,167378,-50.0,refund_or_adjustment,negative_amount
4102420231807011849,168499,-50.0,refund_or_adjustment,negative_amount
4080620251215493790,168827,-50.0,refund_or_adjustment,negative_amount
4102420231807011392,169870,-50.0,refund_or_adjustment,negative_amount
4082520251233305094,170321,-350.0,refund_or_adjustment,negative_amount
4102420231807011453,170721,-25.0,refund_or_adjustment,negative_amount
4011420251130092363,171132,-140.0,refund_or_adjustment,negative_amount
4102420231807011857,171155,-25.0,refund_or_adjustment,negative_amount
4062320251206919604,171176,-25.0,refund_or_adjustment,negative_amount
4102420231807010564,171215,-25.0,refund_or_adjustment,negative_amount
4102420231807011130,171808,-165.0,refund_or_adjustment,negative_amount
4072420241978931938,171906,-25.0,refund_or_adjustment,negative_amount
4080620251215495757,172204,-100.0,refund_or_adjustment,negative_amount
4112020241071387367,172208,-165.0,refund_or_adjustment,negative_amount
4020620251143653625,172464,-5000.0,refund_or_adjustment,negative_amount
4102420231807010736,172540,-130.0,refund_or_adjustment,negative_amount
4072420241978930237,173015,-12.5,refund_or_adjustment,negative_amount
4080620251215493578,173610,-50.0,refund_or_adjustment,negative_amount
4102420231807011433,173884,-150.0,refund_or_adjustment,negative_amount
4092320242041367924,174852,-25.51,refund_or_adjustment,negative_amount
4102420231807010800,175088,-25.0,refund_or_adjustment,negative_amount
4102420231807010577,176259,-25.0,refund_or_adjustment,negative_amount
4092320242041369580,176412,-150.0,refund_or_adjustment,negative_amount
4032020251180458882,176562,-125.0,refund_or_adjustment,negative_amount
4080620251215494426,178290,-50.0,refund_or_adjustment,negative_amount
4062120241961882343,181858,0.0,zero_amount_void_or_refund,zero_amount
4021220241824545485,182071,0.0,zero_amount_void_or_refund,zero_amount
4021220241824545249,182407,0.0,zero_amount_void_or_refund,zero_amount
4022620261359401403,183330,-140000.0,refund_or_adjustment,negative_amount
4022620261359401155,183384,0.0,zero_amount_void_or_refund,zero_amount
4022620261359401138,183412,0.0,zero_amount_void_or_refund,zero_amount
4030420261386077979,184370,-50.0,refund_or_adjustment,negative_amount
4030420261386077153,184590,-75.0,refund_or_adjustment,negative_amount
4030420261386077811,185781,-175.0,refund_or_adjustment,negative_amount
4030420261386077525,185848,-350.0,refund_or_adjustment,negative_amount
4030420261386077162,185939,-110.25,refund_or_adjustment,negative_amount
4030420261386077576,186559,-50.0,refund_or_adjustment,negative_amount
4030420261386076502,186721,-25.0,refund_or_adjustment,negative_amount
4031920261424760773,187739,-175.0,refund_or_adjustment,negative_amount
4031920261424761301,188381,-25.0,refund_or_adjustment,negative_amount
4031920261424760873,188539,-250.0,refund_or_adjustment,negative_amount
4031920261424760859,188543,-350.0,refund_or_adjustment,negative_amount
4031920261424760617,188612,-90.0,refund_or_adjustment,negative_amount
4031920261424760418,189925,-25.0,refund_or_adjustment,negative_amount
4032320261425017558,190565,-37.5,refund_or_adjustment,negative_amount
4032320261425017470,190885,-25.0,refund_or_adjustment,negative_amount
4032320261425017101,190963,-175.0,refund_or_adjustment,negative_amount
4032320261425017853,191799,-83.35,refund_or_adjustment,negative_amount
4032320261425018010,193261,-100.0,refund_or_adjustment,negative_amount
4032320261425017721,193322,-25.0,refund_or_adjustment,negative_amount
4032320261425017345,193460,-175.0,refund_or_adjustment,negative_amount
4032320261425017103,193515,-350.0,refund_or_adjustment,negative_amount
4052620261511337397,194665,-100.0,refund_or_adjustment,negative_amount
4052620261511337178,194666,-100.0,refund_or_adjustment,negative_amount
4052620261511338241,195084,-40.0,refund_or_adjustment,negative_amount
4052620261511337933,195134,-100.0,refund_or_adjustment,negative_amount
4052620261511339082,195913,-100.0,refund_or_adjustment,negative_amount
4052620261511338340,196039,-10.0,refund_or_adjustment,negative_amount
4052620261511338991,196795,-10.4,refund_or_adjustment,negative_amount
4052620261511338980,196802,-10.4,refund_or_adjustment,negative_amount
4052620261511337816,197001,-50.0,refund_or_adjustment,negative_amount
4061720261521511934,199382,-25.0,refund_or_adjustment,negative_amount
4061720261521512462,199902,-165.0,refund_or_adjustment,negative_amount
4061720261521512780,201874,-175.0,refund_or_adjustment,negative_amount
4061720261521511971,201981,-75.0,refund_or_adjustment,negative_amount
4060220261512117386,202400,-1000.0,refund_or_adjustment,negative_amount
4070720261523716253,202932,-12.5,refund_or_adjustment,negative_amount
4070720261523716251,202933,-0.25,refund_or_adjustment,negative_amount
4070720261523715745,204312,-350.0,refund_or_adjustment,negative_amount
4070720261523715342,204410,-175.0,refund_or_adjustment,negative_amount
4070720261523715332,204412,-175.0,refund_or_adjustment,negative_amount
4070720261523716113,205422,-50.0,refund_or_adjustment,negative_amount
4070720261523716932,206877,0.0,zero_amount_void_or_refund,zero_amount
4070720261523716240,207008,-25.0,refund_or_adjustment,negative_amount
4070720261523716121,207027,-200.0,refund_or_adjustment,negative_amount
