employer_name,rows,donors,occupations,donor_places,resolved_hq,address_source
BAMKO,265,1,MARKETING,"ENCINO, CA","LOS ANGELES, CA",manual
GRT,202,1,CTO,"STAMFORD, CT","STAMFORD, CT",manual
NTR,140,1,SCIENCE; SCIENTIST,"SAN FRANCISCO, CA","SAN FRANCISCO, CA",manual
RNDC,83,2,BOARD MEMBER; EVP GOVERNMENT AFFAIRS; EXECUTIVE VICE PRESIDENT,"ATLANTA, GA; BROOKHAVEN, GA","Grand Prairie, TX",ai
HONIGMAN,74,10,ADVISOR; ATTORNEY; LAWYER,"BINGHAM FARMS, MI; BIRMINGHAM, MI; BLOOMFIELD HILLS, MI","Detroit, MI",manual
SKADDEN,67,2,ATTORNEY; LAWYER; PARTNER,"NORTHBROOK, IL; SCARSDALE, NY","New York, NY",ai
RADCO,63,2,CEO; CHIEF INVESTMENT OFFICER,"ATLANTA, GA","Atlanta, GA",manual
LSV,57,2,PARTNER; PORTFOLIO MANAGER; RESEARCH,"CHICAGO, IL","Chicago, IL",manual
RESURGENS,57,3,MEDICAL DOCTOR; OPERATING PARTNER; RETIRED,"ATLANTA, GA","Atlanta, GA",ai
ALPAC,55,1,RETIRED,"HOUSTON, TX",,
NCJW,52,1,RETIRED,"CHICAGO, IL","Washington, DC",ai
RECOM,49,1,DIVISION PRESIDENT; MERCHANT,"SPOKANE, WA","Spokane, WA",
HILLWOOD,45,1,CEO,"DALLAS, TX","Irving, TX",ai
MEDTRONIC,44,3,ATTORNEY; ENGINEER; SOFTWARE ENGINEER,"BRONX, NY; MAPLE GROVE, MN; MINNEAPOLIS, MN","Minneapolis, MN",ai
DENTONS,43,7,ATTORNEY; LAWYER; SENIOR RESEARCH TRAINING SPECIALIST,"BIRMINGHAM, AL; CHICAGO, IL; HIGHLAND PARK, IL","New York, NY",ai
PAYPAL,42,5,ATTORNEY; CHIEF IR OFFICER; MANGER OF PRODUCT MANGEMENT,"ARMONK, NY; NARRAGANSETT, RI; NEW YORK, NY","San Jose, CA",ai
STANFORD,40,4,BOWLING PROPRIETOR; PEDIATRICIAN; PHYSICIAN,"ATHERTON, CA; CALABASAS, CA; LOS ALTOS, CA","Stanford, CA",ai
KROLL,39,5,ADVISOR; ATTORNEY; COO,"DARIEN, CT; LARCHMONT, NY; NEW YORK, NY","New York, NY",ai
STROOCK,35,4,ATTORNEY; LAWYER,"BRONX, NY; NEW YORK, NY; SCARSDALE, NY","New York, NY",ai
GTS,35,1,MANAGEMENT,"BRONX, NY","New York, NY",ai
NFP,34,6,CONTROLLER; DIRECTOR; INSURANCE,"BLUE BELL, PA; CARMEL, IN; COSTA MESA, CA","New York, NY",ai
WME,33,6,"AGENT; TALENT AGENT; TALENT AGENT, PARTNER, DEPARTMENT HEAD","BEVERLY HILLS, CA; ENCINO, CA; LOS ANGELES, CA","Los Angeles, CA",ai
JAMS,32,1,MEDIATOR; RETIRED,"EVANSTON, IL","Irvine, CA",ai
CVENTURES,31,2,CONSULTANT; CONSULTING; MANAGING DIRECTOR,"LOS ANGELES, CA","LOS ANGELES, CA",
CIBC,31,2,ATTORNEY; MANAGING DIRECTOR; SENIOR COUNSEL,"MADISON, NJ; PALM BEACH GARDENS, FL","Chicago, IL",manual
BLACKROCK,31,5,ASSET MANAGEMENT; ATTORNEY; RETIRED,"LIVINGSTON, NJ; MAMARONECK, NY; NEW ROCHELLE, NY","New York, NY",ai
MAGIC,29,1,MARKETING; RETIRED,"SILVER SPRING, MD",,
KEYSTONE,29,1,PROPERTY DEVELOPMENT; PROPERTY INVESTMENT & DEVELOPMENT; REAL ESTATE,"GLADWYNE, PA",,
DOORDASH,29,2,ATTORNEY; PRODUCT MANAGER,"SEATTLE, WA; STAMFORD, CT","San Francisco, CA",ai
RAMAZ,29,1,TEACHER,"NORTH CALDWELL, NJ","New York, NY",ai
MAVEN,29,3,MANAGING DIRECTOR; REAL ESTATE DEVELOPER; REAL ESTATE DEVELOPMENT,"BETHESDA, MD; LOS ALTOS HILLS, CA; NEW YORK, NY","LOS ALTOS HILLS, CA",
GPSN,28,1,EXECUTIVE VICE PRESIDENT; MANAGING DIRECTOR,"LOS ANGELES, CA","LOS ANGELES, CA",
FIDM,28,1,RETIRED,"MARINA DEL REY, CA","Los Angeles, CA",ai
JFCS,27,1,CEO; EXECUTIVE DIRECTOR,"SAN FRANCISCO, CA","SAN FRANCISCO, CA",
TRIBETALK,27,2,ANTISEMITISM EDUCATOR AND ACTIVIST; ATTORNEY AND TEACHER; EDUCATION,"LENOX, MA; NEWTON, MA",,
RVP,27,1,INVESTMENT ADVISOR; INVESTMENT MANAGER; INVESTMENTS,"DEERFIELD, IL; NORTHBROOK, IL","NORTHBROOK, IL",
FOODGRAPH,27,1,CEO,"NEEDHAM, MA",,
PTC,26,1,EXECUTIVE VICE PRESIDENT; MANAGER,"LEXINGTON, MA","Boston, MA",ai
ADCT,25,1,BOARD CHAIR; DIRECTOR,"BOULDER, CO",,
PM&R,25,1,MEDICAL DOCTOR,"BRONX, NY",,
NETRTINGS,25,1,TECHNOLOGIST,"SAN FRANCISCO, CA",,
OPTUM,25,10,ACCT MANAGER; DIRECTOR; DOCTOR,"BELLEVUE, WA; BRONX, NY; MERCER ISLAND, WA","Eden Prairie, MN",ai
TURGO,24,1,RETIRED,"PALM BEACH GARDENS, FL","Key Biscayne, FL",
BUSINESS,24,1,RETIRED,"TIBURON, CA",,
SAVERS,24,1,RETIRED,"MERCER ISLAND, WA","Bellevue, WA",
HADASSAH,24,3,RETIRED,"BELLEVUE, WA; SUNNY ISLES BEACH, FL; WALNUT CREEK, CA","New York, NY",ai
SAVILLS,24,5,BROKER; COMMERCIAL REAL ESTATE BROKER; CORPORATE REAL ESTATE,"ATLANTA, GA; BEDFORD, NY; LOS ANGELES, CA","New York, NY",ai
GREYSTONE,24,4,ASSOCIATE; CEO; FUNDING,"BOCA RATON, FL; LIVINGSTON, NJ; NEW YORK, NY","New York, NY",ai
MCDERMOTT,24,2,ATTORNEY; LAWYER,"DALLAS, TX; MIAMI, FL","Houston, TX",ai
FINMARC,24,1,REAL ESTATE,"BETHESDA, MD; POTOMAC, MD",,
FNF,24,1,CEO,"LA JOLLA, CA; SAN DIEGO, CA","Jacksonville, FL",ai
BARCLAYS,24,2,ANALYST; BANKER; BANKING,"NEW YORK, NY","New York, NY",ai
CARTA,23,2,CUSTOMER SUCCESS; CUSTOMER SUCCESS MANAGER; SALES,"NEW YORK, NY; SACRAMENTO, CA; WALNUT CREEK, CA","San Diego, CA",ai
GUAC-LOCK,23,1,FOUNDER,"GREENWICH, CT; MIAMI BEACH, FL","Scarsdale, NY",
COMCAST,23,2,BRAND; PROJECT MANAGER,"BASKING RIDGE, NJ; PALM BEACH GARDENS, FL","Philadelphia, PA",ai
HCT,23,3,DIR. MKTG; EXECUTIVE; FINANCE,"FORT LAUDERDALE, FL; NORTH HOLLYWOOD, CA; SKOKIE, IL",,
CAREMARK,23,1,RETIRED,"NORTHBROOK, IL","Vero Beach, FL",ai
TAG,23,1,CEO; CHAIRMAN; ECB,"KENTFIELD, CA; SAN FRANCISCO, CA",,
TSO,22,1,COMM REAL ESTATE; COMMERCIAL REAL ESTATE; PRESIDENT,"BLACKSBURG, VA; MILLBORO, VA; SANIBEL, FL","Millboro, VA",
CYBREXA,22,1,CHIEF MEDICAL OFFICER; RETIRED,"MELROSE, MA","Boston, MA",ai
RENSOP,22,1,CHIEF INVESTMENT OFFICER; FINANCE; INVESTOR,"NEW YORK, NY",,
SILBEY,22,1,RETIRED,"PALM BEACH GARDENS, FL",,
MILBANK,22,2,ATTORNEY,"NEW YORK, NY; SCARSDALE, NY","New York, NY",ai
NEC,22,1,RETIRED; SURGEON,"WELLINGTON, FL","Irving, TX",ai
MFLP,22,1,INVESTMENTS,"PARK CITY, UT",,
SKYFLOW,21,1,DIRECTOR OF CUSTOMER PROGRAMS; HEAD OF CUSTOMER EXPERIENCE,"CEDAR PARK, TX; ENCINO, CA","San Francisco, CA",ai
WYSH,21,1,SALES,"LOUISVILLE, KY","Milwaukee, WI",ai
FDD,21,3,CEO; DEVELOPMENT; FUNDRAISER,"BETHESDA, MD; LOXAHATCHEE, FL; WASHINGTON, DC",,
NYC,21,3,ASSOCIATE STAFF ANALYST; ATTORNEY; PSYCHOLOGIST,"ARMONK, NY; BROOKLYN, NY; NEW YORK, NY","New York, NY",ai
MMGA,21,2,ANESTHESIOLOGIST; PHYSICIAN,"BALTIMORE, MD",,
CBIZ,21,6,ACCOUNTANT; CPA; FORENSIC ACCOUNTANT,"DEL MAR, CA; MAPLE GLEN, PA; PHILADELPHIA, PA","Cleveland, OH",ai
MKDA,20,2,ARCHITECT,"BOCA RATON, FL; NEW ROCHELLE, NY","New York, NY",ai
STUDLEY,20,2,RETIRED,"POTOMAC, MD; WATER MILL, NY","New York, NY",ai
DANLY,20,1,REAL ESTATE INVESTOR; RETIRED,"AUSTIN, TX","Dayton, OH",ai
SFSS,20,2,ADMINISTRATION; ADMINISTRATOR; DOCTOR,"BOCA RATON, FL; SAN FRANCISCO, CA",,
NOBODY,19,1,RETIRED,"PORTLAND, OR",,
SIG,19,3,FINANCE; INVESTOR; TRADER,"MERION STATION, PA; PRINCETON, NJ; VILLANOVA, PA","Bala Cynwyd, PA",ai
MATTEL,19,2,LAWYER; TV DEVELOPMENT EXEC,"BEVERLY HILLS, CA; LOS ANGELES, CA","El Segundo, CA",ai
NORTHWELL,19,8,DOCTOR; HEALTH CARE; HEALTHCARE,"GLENWOOD LANDING, NY; GREAT NECK, NY; NEW YORK, NY","Manhasset, NY",ai
LISCR,19,1,CHAIR; CHAIRMAN; CO-CHAIR,"BETHESDA, MD; MIAMI BEACH, FL","Alexandria, VA",ai
USCD,19,4,CEO; MEDICAL; PHYSICIAN,"LA JOLLA, CA; LITTLE ELM, TX; SAN DIEGO, CA","La Jolla, CA",ai
CAPLIN,19,1,LAWYER,"SILVER SPRING, MD",,
KBHOME,19,2,EXECUTIVE,"SHERMAN OAKS, CA","Los Angeles, CA",ai
BTIG,19,2,BANKING; FINANCE; SALES TRADER,"ENGLEWOOD, NJ; NEW YORK, NY","New York, NY",ai
NCC,19,1,MANAGER,"FAIRFAX STATION, VA",,
ADC,18,1,DIRECTOR,"BOULDER, CO",,
IPFS,18,1,BUSINESSMAN; FINANCE,"LEAWOOD, KS","Kansas City, MO",ai
TMB,18,1,EXECUTIVE,"LOS ANGELES, CA","San Fernando, CA",ai
SHELL,18,1,RETIRED,"NEW YORK, NY","Houston, TX",ai
CSRPS,18,2,CEO,"JENSEN BEACH, FL",,
STRETTO,18,1,CEO,"LAS VEGAS, NV","Newport Beach, CA",ai
WAYPOINT,17,2,RETIRED; SALES,"GENEVA, IL; GLENVIEW, IL","Odenton, MD",ai
PCDM,17,1,ENDODONTIST,"NEW ROCHELLE, NY",,
VPC,17,2,ASSET MANAGER; CEO,"GLENCOE, IL; HIGHLAND PARK, IL; WILMETTE, IL","Chicago, IL",ai
SRM,17,2,CEO; FINANCE,"CHARLESTON, SC; KINGSTON, PA",,
MEDSTAR,17,4,MEDICAL DOCTOR; MEDICAL REFERRAL; PHYSICIAN,"BETHESDA, MD; BROOKLYN, NY; ROCKVILLE, MD","Washington, DC",ai
JITTERBIT,17,1,BOARD MEMBER; RETIRED,"ALAMO, CA","San Francisco, CA",ai
JSV,17,1,CEO; CHIEF PRODUCT OFFICER; COMMUNITY BUILDER,"SAN JOSE, CA",,
PINNACLE,17,1,ATTORNEY; COUNSEL,"NEW YORK, NY","New York, NY",ai
SIDLEY,16,1,ATTORNEY,"LOS ANGELES, CA; MANHATTAN BEACH, CA","Chicago, IL",ai
ORH,16,1,MEDICAL DOCTOR; PHYSICIAN,"BELLEVUE, WA",,
AMGEN,16,4,DATABASE ADMINISTRATOR; PHARMACEUTICAL SALES; RETIRED,"AVENTURA, FL; LAKE ELSINORE, CA; SAN DIEGO, CA","Thousand Oaks, CA",ai
TRAMMO,16,1,BUSINESS - TRAFE; COMMODITY TRADING; TRADE & MARKETING,"PALM BEACH GARDENS, FL","New York, NY",ai
LEX,16,2,BROKER; COMPUTER PROGRAMMER; OWNER,"LOS ANGELES, CA; RIVERSIDE, CA",,
JSSI,16,1,CHAIRMAN & CEO; EXECUTIVE,"CHICAGO, IL","Chicago, IL",ai
WIPRO,16,1,CONSULTANT; RETIRED,"AUSTIN, TX","East Brunswick, NJ",ai
MONEM,16,2,PRESIDENT; RE INV; REAL ESTATE,"BEVERLY HILLS, CA; WEST HOLLYWOOD, CA",,
QIOSK.COM,16,1,RETIRED,"ALLENTOWN, PA",,
KEMPSTAR,16,1,FINANCE,"CORAL GABLES, FL",,
MCC,15,1,RETIRED,"NEW YORK, NY","New York, NY",ai
HCA,15,7,ATTORNEY; MEDICAL DOCTOR; PHYSICAL THERAPIST,"AVENTURA, FL; BOCA RATON, FL; DELRAY BEACH, FL","Nashville, TN",ai
AFC,15,2,BUSINESS; CPA; RETIRED,"PARADISE VALLEY, AZ; WESTON, FL",,
CORGRO,15,1,GENERAL COUNSEL,"MIAMI SHORES, FL; MIAMI, FL",,
WEWORK,15,1,REAL ESTATE; REAL ESTATE EXECUTIVE,"TENAFLY, NJ","New York, NY",ai
COMPASS,15,10,ATTORNEY; BROKER; REAL ESTATE,"DRESHER, PA; HOUSTON, TX; MANLIUS, NY","New York, NY",ai
SHERWOOD,15,1,BIS; BUISNERSS; BUSINESS,"GLENWOOD LANDING, NY",,
GOLDMAN,15,1,VENTURE CAPITAL,"MERION STATION, PA",,
COLRICH,15,1,REAL ESTATE DEVELOPER; REAL ESTATE INVESTOR,"SAN DIEGO, CA","San Diego, CA",ai
WEITZMAN,15,1,COMMERCIAL REAL ESTATE EXECUTIVE; EXECUTIVE CHAIRMAN; REAL ESTATE,"DALLAS, TX","Dallas, TX",ai
TUSD,14,1,PSYCHOLOGIST,"TUCSON, AZ","Tucson, AZ",ai
MCKINSEY,14,2,CONSULTANT; MANAGEMENT CONSULTANT; PHYSICIAN,"HOUSTON, TX; NEW YORK, NY","New York, NY",ai
IDW,14,1,CEO,"PARAMUS, NJ","San Diego, CA",ai
LGN,14,1,ATTORNEY,"SAINT PAUL, MN",,
POH,14,1,REAL ESTATE,"AVENTURA, FL",,
UKG,14,2,ATTORNEY; CHAIR; CHAIRMAN,"ACTON, MA; NAPLES, FL","Westwood, MA",ai
SPGI,14,1,EXECUTIVE,"NEW CASTLE, NH","New York, NY",ai
CORCORAN,14,5,BROKER; DEAL ESTATE; LAWYER/REALESTATE,"NEW YORK, NY; PALM BEACH, FL; TENAFLY, NJ","New York, NY",ai
BYM,14,1,PRESIDENT; RETIRED,"CHESTNUT HILL, MA",,
CAMSF,14,1,RETIRED,"SAN RAFAEL, CA",,
GCF,14,2,DEBT ACQUISITION; INVESTOR; MANAGER,"DENVER, CO; PLANTATION, FL","Aventura, FL",ai
SPORTSMAN,14,1,RETIRED,"PRAIRIE VILLAGE, KS",,
COLLIERS,14,2,REAL ESTATE; SENIOR CORPORATE COUNSEL,"BOCA RATON, FL; DELRAY BEACH, FL","Seattle, WA",ai
GNI,14,1,PHYSICIAN PAT TIME,"BRYN MAWR, PA","Philadelphia, PA",ai
GUNSTER,14,2,ATTORNEY,"FORT LAUDERDALE, FL; PALM BEACH GARDENS, FL; PLANTATION, FL","Miami, FL",ai
PIMCO,14,2,EXECUTIVE VICE PRESIDENT; FINANCE; INVESTMENT MANAGER,"NEWPORT BEACH, CA; ROSLYN, NY","New York, NY",ai
RAC,14,1,PHYSICALLY CIAN; PHYSICIAN,"CLEARWATER, FL","Palm Harbor, FL",ai
PMB,13,1,DESIGN CONSULTANT; RETIRED,"SANTA MONICA, CA",,
ORRICK,13,6,ATTORNEY; LAWYER,"GREENWICH, CT; HERMOSA BEACH, CA; MENLO PARK, CA","San Francisco, CA",ai
BENTEX,13,2,IMPORT; WHOELSALE; WHOLESALE,"BROOKLYN, NY","New York, NY",ai
WWTS,13,1,BUSINESS; PRESIDENT; SELF-EMPLOYED,"BELLE HARBOR, NY",,
NEWFRONT,13,1,INSURANCE BROKER,"SHERMAN OAKS, CA","San Francisco, CA",ai
RPMS,13,1,BUSINESS CONSULTING; RETIRED,"NORTHBROOK, IL; WILMETTE, IL",,
SUNBELT,13,1,MANAGER; RETIRED,"DALLAS, TX","Lake Mary, FL",ai
SENTILINK,13,1,VP OF FINANCE,"ENCINO, CA","Santa Clara, CA",ai
FCA,12,3,ENGINEER; RETIRED,"ANN ARBOR, MI; FARMINGTON HILLS, MI; WEST BLOOMFIELD, MI","Auburn Hills, MI",ai
NEFCO,12,2,PRESIDENT & CEO; SALES,"BLOOMFIELD, CT; WEST HARTFORD, CT; WESTPORT, CT","East Hartford, CT",ai
BSW,12,1,HEALTHCARE,"AUSTIN, TX",,
KROST,12,2,ORAL SURGEON; RETIRED,"CALABASAS, CA; OAKHURST, NJ","Irvine, CA",ai
JFI,12,2,EXECUTIVE; NON EXECUTIVE CHAIRMAN,"NEW YORK, NY; WHITE PLAINS, NY",,
IMC,12,1,FINANCE; FINANCIAL MARKETS,"PURCHASE, NY","Chicago, IL",ai
GSA,12,2,CPA,"ENCINO, CA","Washington, DC",ai
NEWTECH,12,1,CEO; EXECUTIVE,"GOLDEN BEACH, FL",,
CRESA,11,1,COMMERCIAL REAL ESTATE BROKER; REAL ESTATE ADVISOR,"BETHESDA, MD","Chicago, IL",ai
GSS,11,1,CEO,"LONGWOOD, FL",,
OXBOMB,11,1,FILM AND TV; FILMMAKER,"LOS ANGELES, CA",,
BDT&MSD,11,2,FINANCE; MERCHANT BANKER; PRINCIPAL,"HIGHLAND PARK, IL","Chicago, IL",ai
PTG,11,1,BUSINESS OWNER,"HOUSTON, TX; SUGAR LAND, TX",,
TWILLORY,11,2,COO; RETIRED,"WOODMERE, NY","Tarrytown, NY",ai
PPI,11,1,MANAGEMENT; MANAGER,"BROOKLYN, NY",,
BESTART,11,1,ART SALES; BIZ OWNER; BUSINESS,"TEANECK, NJ",,
NRT,11,1,RETIRED,"DALLAS, TX","New York, NY",
JEWBELONG,11,2,CO-FOUNDER,"NEW YORK, NY",,
BRG,11,3,HEALTHCARE MANAGEMENT CONSULTANT; INVESTMENTS; REAL ESTATE,"GARDEN CITY, NY; STAMFORD, CT; SUFFERN, NY","Emeryville, CA",ai
LOCKTON,11,2,MANAGING DIRECTOR; PARTNER; SR. VP,"PALMETTO BAY, FL; WOODMERE, NY","Kansas City, MO",ai
STRIPE,11,2,PRODUCT DESIGNER; SOFTWARE ENGINEER; SW MANAGER,"NEW YORK, NY","San Francisco, CA",ai
ROC,11,1,CHIEF CAPITAL MARKETS OFFICER; FINANCE,"WHITE PLAINS, NY",,
LMC,10,1,CEO; CEO & FOUNDER; CPA,"BROOKLYN, NY; NEW YORK, NY",,
EDJCO,10,1,HOMELESS HOUSING; PRESIDENT; PRINCIPAL,"LOS ANGELES, CA","Los Angeles, CA",ai
INCYTE,10,1,PHYSICIAN,"WYNNEWOOD, PA","Wilmington, DE",ai
BMCI,10,1,PRESIDENT,"FOOTHILL RANCH, CA; IRVINE, CA",,
OURCROWD,10,3,FINANCE; VENTURE CAPITAL; VICE PRESIDENT,"GREENWICH, CT; WINNETKA, IL","Brooklyn, NY",ai
PHILSON,10,1,RETIRED,"JUPITER, FL",,
WINTRUST,10,2,BANKER; BANKING,"EVANSTON, IL","Schaumburg, IL",ai
WINDSOR,10,1,FASHION; RETAIL EXECUTIVE,"BEVERLY HILLS, CA",,
MOODYS,10,2,ANALYST; CREDIT ANALYST,"NEW YORK, NY; PRINCETON, NJ","New York, NY",ai
RPC,10,2,DEVELOPER; OFFICE,"LEAWOOD, KS; MIAMI BEACH, FL","Atlanta, GA",ai
STARBUCKS,10,3,BARISTA; COMMUNICATIONS; PRODUCT MANAGEMENT,"BELLEVUE, WA; MOUNTLAKE TERRACE, WA; TUCSON, AZ","Seattle, WA",ai
SPC,10,1,ATTORNEY,"AGOURA HILLS, CA; SCOTTSDALE, AZ",,
CYDCOR,10,1,EXECUTIVE,"LOS ANGELES, CA","Agoura Hills, CA",ai
TFC,10,2,DIRECTOR; MANAGER; YOGA TEACHER,"HOUSTON, TX; SEABROOK, TX",,
MCOL,10,1,MARKETING,"WASHINGTON, DC",,
BDJ,10,2,ATTORNEY; ATTORNEY/PRESIDENT/CEO,"BEVERLY HILLS, CA; LOS ANGELES, CA","Los Angeles, CA",manual
GBRS,10,1,CONSULTANT; RETIRED,"GREENWOOD VILLAGE, CO",,
SCMV,10,1,ATTORNEY,"SAN DIEGO, CA",,
TIEKS,10,1,CEO,"LOS ANGELES, CA","Beverly Hills, CA",ai
KAPLAN,9,2,MANAGER; RETIRED,"FORT LAUDERDALE, FL; PALM BEACH GARDENS, FL","Fort Lauderdale, FL",ai
NQGRG,9,1,ATTORNEY,"BALTIMORE, MD",,
RAYVID,9,1,CEO; FOUNDER; SELF-EMPLOYED,"SEATTLE, WA",,
BH3,9,2,CEO; REAL ESTATE,"FORT LAUDERDALE, FL","Fort Lauderdale, FL",ai
BLOOMBERG,9,2,RETIRED; VICE CHAIRMAN; VICE PRESIDENT,"NEW YORK, NY; SANDS POINT, NY","New York, NY",ai
DESIGNER,9,2,RETIRED; SUSTAINABLE DESIGN,"CARMICHAEL, CA; LOS ANGELES, CA; TARZANA, CA",,
NORTHMARQ,9,2,REAL ESTATE; SENIOR VICE PRESIDENT; STRUCTURED FINANCE,"BETHESDA, MD; LOS ANGELES, CA","Minneapolis, MN",ai
ODYSSEY,9,1,RETIRED,"NEW YORK, NY",,
GENENTECH,9,1,ATTORNEY,"BERKELEY, CA","South San Francisco, CA",ai
GBMC,9,1,FAMILY PHYSICIAN,"BALTIMORE, MD","Glen Burnie, MD",ai
CITIBANK,9,3,BANKER; VICE PRESIDENT,"FAIRFIELD, CT; LIVINGSTON, NJ; STAMFORD, CT","New York, NY",ai
NLE,9,1,DIRECTOR,"WINNETKA, IL",,
STEPHENS,9,1,RETIRED,"HOUSTON, TX","Little Rock, AR",
CHIME,9,1,MARKETING,"CAMPBELL, CA","San Francisco, CA",ai
MLRDELLC,9,1,INVESTOR; RETIRED,"BUFFALO GROVE, IL",,
GW&K,9,1,CHAIRMAN AND FOUNDER; FOUNDER AND CHAIRMAN; INVESTMENT ADVISOR,"BROOKLINE, MA","Boston, MA",ai
ONS,9,1,MEDICAL DOCTOR,"RIVERSIDE, CT",,
KARLIN,9,1,CEO,"PACIFIC PALISADES, CA",,
SAS,8,3,CONSULTANT; RETIRED,"ACWORTH, GA; INCLINE VILLAGE, NV; RALEIGH, NC","Cary, NC",ai
ROL&M,8,1,ATTORNEY; RETIRED,"APTOS, CA",,
ARCXIS,8,1,BUSINESS; CEO,"BELLAIRE, TX","Houston, TX",ai
RPK,8,1,REAL ESTATE; REAL ESTATE DEVELOPMENT; REAL ESTATE MANAGEMENT AND DEVELOPMENT,"LOS ANGELES, CA",,
RLH,8,1,FINANCE,"IRVINE, CA","Denver, CO",ai
GSP,8,1,REAL ESTATE,"BEVERLY HILLS, CA; LOS ANGELES, CA",,
DVRA,8,1,PHYSICIAN; RETIRED,"PENNINGTON, NJ",,
DRIVING,8,1,DRIVER; DRIVING,"WEST PALM BEACH, FL",,
PMG,8,2,ENGINEER; RETIRED,"ENCINO, CA; LOS ANGELES, CA",,
KKR,8,1,FINANCE; INVESTOR; REAL ESTATE,"NEW YORK, NY","New York, NY",ai
AMG,8,1,MANAGEMENT,"HOUSTON, TX","West Palm Beach, FL",ai
PRODUCER,8,1,LAWYER; RETIRED,"MANHATTAN BEACH, CA",,
DMW,8,1,CPA,"MARLBORO, NJ",,
TWINCO,8,1,RETIRED; SALES,"HOUSTON, TX",,
PRA,8,1,RETIRED,"BIRMINGHAM, AL","New York, NY",
TECHMARK,8,1,BRANDING; RETIRED,"BOYNTON BEACH, FL","Detroit, MI",ai
IMPCO,8,1,PROPERTY MANAGER,"PORTLAND, OR","San Antonio, TX",ai
HIGHTOWER,8,1,FINANCE,"TEANECK, NJ","Chicago, IL",ai
HCC,8,1,EDUCATOR,"COLUMBIA, MD","Houston, TX",ai
KEYES,8,2,AUTO; CAR SALES; COMMERCIAL REAL ESTATE AGENT,"BOCA RATON, FL; HIDDEN HILLS, CA","Los Angeles, CA",ai
VERBIT,7,1,MARKETING,"NEW YORK, NY","Brooklyn, NY",ai
IHSS,7,2,CARE PROVIDER; CAREGIVER,"FRESNO, CA; IRVINE, CA",,
WESTCORD,7,1,REAL ESTATE,"THOUSAND OAKS, CA",,
CCI,7,2,INVESTMENTS; RETIRED; SELF-EMPLOYED,"CHICAGO, IL; DELRAY BEACH, FL",,
SGC,7,1,CEO,"SEMINOLE, FL",,
PFP,7,1,BUSINESS OWNER,"WESTPORT, CT",,
BANC,7,1,ATTORNEY,"YORBA LINDA, CA",,
MVDC,7,1,SALES,"DANVERS, MA",,
MENTO,7,1,CEO,"ASPEN, CO; WEST HOLLYWOOD, CA","New York, NY",ai
NAPCO,7,1,ACCOUNTING; OFFICER,"HIGHLAND PARK, IL","Skokie, IL",ai
CNI,7,1,RETIRED,"MOUNTAIN BROOK, AL","Arlington, VA",ai
SWIRNOW,7,1,RETIRED,"BALTIMORE, MD","Sunnyvale, CA",ai
ASMG,7,1,PHYSICIAN,"DEL MAR, CA",,
RWJPE,7,2,PHYSICIAN,"WESTFIELD, NJ","New Brunswick, NJ",ai
FIDF,7,3,CEO; COMMUNITY ENGAGEMENT; RETIRED,"BALTIMORE, MD; TEANECK, NJ; WEST HEMPSTEAD, NY",,
YARDSTICK,7,1,CEO,"WINNETKA, IL",,
KBT,7,1,ATTORNEY,"MERRICK, NY","New York, NY",ai
FJECC,7,1,RETIRED,"CHESTNUT HILL, MA",,
VSI,7,1,IT MANAGER; SOFTWARE DEVELOPER; SOFTWARE ENGINEER,"CHERRY HILL, NJ",,
KCC,7,2,ENTERTAINMENT; LAWYER,"NEW YORK, NY; WASHINGTON, DC","El Segundo, CA",ai
PERSONAL,7,1,SALES EXECUTIVE; TRANSIT CONSULTANT,"VENTNOR CITY, NJ",,
INSCRIBE,7,2,PROGRAMMER; RETIRED; SOFTWARE DEVELOPER,"WAYLAND, MA; WESTON, MA","Los Angeles, CA",ai
JAFFA,7,1,INVESTOR,"MILL VALLEY, CA",,
USPTO,7,1,ATTORNEY; LAWYER,"ALEXANDRIA, VA","Alexandria, VA",ai
BIRDI,7,1,CEO; RETIRED,"WEST BLOOMFIELD, MI",,
TRANZPORT,7,1,CEO,"BAY HARBOR ISLANDS, FL",,
TRISPAN,7,1,INVESTMENT MANAGER; INVESTOR; MANAGER,"BROOKLYN, NY","New York, NY",ai
TURNKEY,7,1,"CO-FOUNDER, CTO; CTO","STANFORD, CA",,
HUPPINS,7,1,BUSINESS OWNER,"SPOKANE, WA","Spokane, WA",ai
CAKETECH,7,1,CEO,"STAMFORD, CT",,
LVPG,7,2,PHYSICIAN,"ALLENTOWN, PA; VILLANOVA, PA","Allentown, PA",ai
WALDEN,7,1,RETIRED,"CINCINNATI, OH",,
UPMC,7,4,INTERPRETER; PHYSICIAN,"PITTSBURGH, PA","Pittsburgh, PA",ai
WELLSTAR,6,2,PHYSICIAN; RETIRED,"ATLANTA, GA","Atlanta, GA",ai
MDCPS,6,2,TEACHER,"MIAMI BEACH, FL; MIAMI, FL","Miami, FL",ai
CHUBB,6,2,ASSISTANT VICE PRESIDENT; ATTORNEY; MANAGING COUNSEL,"WAXHAW, NC; WEST ORANGE, NJ","Whitehouse Station, NJ",ai
NMRK,6,1,COMMERCIAL RE; COMMERCIAL REAL ESTATE EXEC; REAL ESTATE EXECUTIVE,"GLENCOE, IL","New York, NY",ai
NJY,6,1,CEO,"PLAINVIEW, NY",,
D&H,6,1,MANAGER,"BOCA RATON, FL","Camp Hill, PA",ai
MRJ,6,1,TRAVEL CONSULTANT,"NEW YORK, NY",,
SPACEX,6,1,ENGINEER,"IRVINE, CA","Hawthorne, CA",ai
MSL,6,1,CPA,"CASSELBERRY, FL; ORLANDO, FL","New York, NY",ai
MVP,6,2,MEDICAL; MEDICAL DOCTOR; SALES,"AUBURNDALE, MA; BLOOMFIELD HILLS, MI",,
WORKDAY,6,2,MANAGER; SERVICES; VICE PRESIDENT SERVICES,"SKOKIE, IL","Pleasanton, CA",ai
NCCC,6,2,MANAGER,"OWINGS MILLS, MD",,
GREEN,6,2,PHYSICIAN,"CHESTER, NY",,
WCHN,6,1,PHYSICIAN,"MAMARONECK, NY","Danbury, CT",ai
SUNWEST,6,1,RETIRED,"DALLAS, TX",,
CEDAR,6,1,MARKETING,"ARLINGTON, VA","New York, NY",ai
PWRFL,6,1,ATTORNEY,"MERCER ISLAND, WA",,
DANKMEYER,6,1,CHIEF PRODUCT OFFICER,"PIKESVILLE, MD","Linthicum Heights, MD",ai
DISNEY,6,2,ATTORNEY; DIRECTOR; LAWYER,"STUDIO CITY, CA; WINTER PARK, FL","Burbank, CA",ai
RASF,6,1,RADIOLOGIST,"MIAMI BEACH, FL",,
QUALCOMM,6,1,COUNSEL,"LA JOLLA, CA","San Diego, CA",ai
DESRI,6,1,CEO; POWER,"NEW YORK, NY","New York, NY",ai
TLLF,6,1,PROGRAM DIRECTOR; PROGRAM OFFICER,"CHARLOTTE, NC",,
SYNTHEGO,6,1,COUNSEL; LAWYER,"BURLINGAME, CA","South San Francisco, CA",ai
DCI,6,1,FINANCE,"BAKERSFIELD, CA",,
DCPS,6,1,SPEECH LANGUAGE PATHOLOGIST,"ARLINGTON, VA","Washington, DC",ai
HOCS,6,2,IT; VCIO,"POTOMAC, MD; SILVER SPRING, MD",,
BODMAN,6,1,ATTORNEY; LAWYER,"ANN ARBOR, MI","Detroit, MI",ai
MANET,6,1,REAL ESTATE,"AUSTIN, TX",,
HIGHMARK,6,2,ATTORNEY; DATA SCIENTIST,"MOORESVILLE, NC; PITTSBURGH, PA","Pittsburgh, PA",ai
BENESCH,6,2,ATTORNEY,"BEACHWOOD, OH; CHICAGO, IL","Columbus, OH",ai
TETRAGON,6,1,CEO,"NEW YORK, NY; PURCHASE, NY","New York, NY",ai
UNCC,6,1,FACULTY; LECTURER; PROFESSOR,"CHARLOTTE, NC","Charlotte, NC",ai
BAIRD,6,2,FINANCE; FIXED INCOME SALES & TRADING; MANAGING DIRECTOR,"GLENCOE, IL; PORT WASHINGTON, NY","Milwaukee, WI",ai
INSPERITY,6,4,ADVISOR; BUSINESS PERFORMANCE ADVISOR,"ARMONK, NY; BELLAIRE, TX; SKOKIE, IL","Kingwood, TX",ai
KREINDLER,6,1,ATTORNEY,"NEW YORK, NY","New York, NY",ai
DRL,6,1,ATTORNEY,"LOS ANGELES, CA","Washington, DC",ai
NOVARTIS,6,3,CONSULTANT; MEDICAL DIRECTOR; OFFICER,"NEW YORK, NY; SUMMIT, NJ; VOORHEES, NJ","East Hanover, NJ",ai
KAMAN,6,1,RETIRED,"STAMFORD, CT","Bloomfield, CT",
F-FACTOR,6,1,DIETITIAN; RESEARCH & DEVELOPMENT,"NEW YORK, NY","New York, NY",ai
IWHC,6,1,RETIRED,"SCARSDALE, NY","Washington, DC",ai
O.S.G,6,2,MANAGER; RETIRED,"MAHWAH, NJ; WAXHAW, NC","Torrance, CA",ai
KBR,6,1,ATTORNEY,"LA GRANGE, TX","Houston, TX",ai
ARC,6,2,BROKER; REAL ESTATE,"FORT LAUDERDALE, FL; GLENDORA, CA","Fort Lauderdale, FL",ai
PLEXI,6,1,CONSULTANT; LEGAL/CONSULTING,"LOS ANGELES, CA",,
JNS,6,2,CHIEF DEVELOPMENT OFFICER; HOUSEWIFE; VP OF DEVELOPMENT,"BEVERLY HILLS, CA; BRONX, NY",,
ADH,5,1,HEALTH CARE,"ALLENHURST, NJ",,
YARMISH,5,1,RETIRED,"BEVERLY HILLS, CA",,
YCM,5,1,INVESTOR; MANAGING DIRECTOR; MEDICAL DOCTOR,"MORAGA, CA",,
ALTMAN,5,1,REAL ESTATE,"DAVIE, FL",,
NUNYA,5,2,ADVERTISING; BUSINESS,"MIAMI BEACH, FL; SANTA MONICA, CA",,
WRITER,5,1,MEDICAL DOCTOR; RETIRED,"WEST HARTFORD, CT",,
CVSHEALTH,5,3,PUBLIC RELATIONS; RETIRED; SENIOR VICE PRESIDENT,"MCLEAN, VA; MORTON GROVE, IL; OSSINING, NY","Woonsocket, RI",ai
SADZ,5,1,ATTORNEY; REAL ESTATE,"ALLENHURST, NJ; NEW YORK, NY",,
NDI,5,1,INTERNATIONAL DEVELOPMENT,"WASHINGTON, DC","Washington, DC",ai
DELL,5,3,ADMINISTRATOR; ENGINEER; SALES,"CHICAGO, IL; PALM BEACH GARDENS, FL; PARK CITY, UT","Round Rock, TX",ai
NJIT,5,2,PROFESSOR; RETIRED,"WEST ORANGE, NJ","Newark, NJ",ai
GHC,5,1,REAL ESTATE; SELF REAL ESTATE; SELF-EMPLOYED,"SURFSIDE, FL",,
DERMIC,5,1,MEDICAL DOCTOR,"CHICAGO, IL",,
GFX,5,1,OWNER/PRESIDENT; PRESIDENT,"NORTH MIAMI BEACH, FL",,
GENESYS,5,1,MARKETER; MARKETING,"ARLINGTON, VA","Daly City, CA",ai
GANTRY,5,2,COMMERCIAL MORTGAGE BANKER; COMMERCIAL MORTGAGE BROKER; MORTGAGE BANKER,"NEW YORK, NY; SAN FRANCISCO, CA","Brooklyn, NY",ai
GAINSIGHT,5,1,DIRECTOR,"CARMEL, IN","San Francisco, CA",ai
CMI,5,1,,"BROOKLYN, NY","New York, NY",ai
CORUS,5,1,ADMINISTRATOR,"LOS ANGELES, CA",,
RPB,5,1,ATTORNEY,"BEVERLY HILLS, CA",,
DELTA,5,3,DIRECTOR; MARKETING; PILPT,"NEW ROCHELLE, NY; NEW YORK, NY","Atlanta, GA",ai
RRH,5,1,MEDICAL DOCTOR,"PITTSFORD, NY; ROCHESTER, NY",,
NSSD,5,1,TEACHER,"WILMETTE, IL",,
NORTHAVEN,5,1,MANAGER,"DALLAS, TX","Dallas, TX",ai
PSG,5,2,PRESIDENT; REAL ESTATE,"AUSTIN, TX; BALTIMORE, MD; BOCA RATON, FL","Baltimore, MD",ai
CAPITALZ,5,1,PRIVATE EQUITY; RETIRED,"BOCA RATON, FL",,
STATE,5,1,FOREIGN SERVICE OFFICER,"MEDINA, TX",,
MARCH,5,1,FINANCIAL PLANNER,"LOWER GWYNEDD, PA",,
MLCO,5,1,BUSINESS OWNER; EXECUTIVE; SALES,"CHICAGO, IL",,
MEQS,5,1,PARTNER; REAL ESTATE; SALES,"NEW YORK, NY",,
SIMONCRE,5,1,CEO,"SCOTTSDALE, AZ","Scottsdale, AZ",ai
MICH,5,1,ATTORNEY,"CHICAGO, IL",,
MORENERGY,5,1,BUSINESS OWNER; OWNER,"DENVER, CO",,
MPI,5,2,REAL ESTATE,"CHICAGO, IL","Addison, TX",ai
HAMMOND,5,1,REAL ESTATE; REALTOR,"WABAN, MA",,
SCPMG,5,2,DOCTOR; MEDICAL DOCTOR,"LA JOLLA, CA; NEWPORT COAST, CA",,
BNA,5,1,PHYSICIAN,"GETZVILLE, NY","Arlington, VA",ai
BRAVO,5,1,SELF-EMPLOYED,"GLEN ROCK, NJ","New York, NY",ai
SRG,5,1,CORPORATE; REAL ESTATE,"BAL HARBOUR, FL",,
MAGNETIC,5,1,REAL ESTATE,"NEW YORK, NY",,
HYLVER,5,1,EXECUTIVE; RETIRED,"DALLAS, TX",,
AVANT,5,1,SOFTWARE ENGINEER,"CHICAGO, IL","Chicago, IL",ai
BASIC,5,1,FOUNDER,"BALTIMORE, MD",,
UHG,5,1,EXECUTIVE,"SILVER SPRING, MD","Minnetonka, MN",ai
JPMC,5,1,DESIGNER,"CHICAGO, IL","New York, NY",ai
JENEL,5,1,REAL ESTATE,"NEW YORK, NY",,
TPMG,5,3,PHYSICIAN,"DAVIS, CA; FOSTER CITY, CA","San Francisco, CA",ai
IPM,5,1,PROPERTY MANAGER; REAL ESTATE MANAGER,"PORTLAND, OR",,
ALMAR,5,1,EXECUTIVE VICE PRESIDENT; VICE PRESIDENT,"BROOKLYN, NY",,
RCCA,4,2,PHYSICIAN,"COLTS NECK, NJ; ENGLEWOOD, NJ",,
RRT,4,1,GENERAL MANAGER; REAL ESTATE,"CHESTNUT HILL, MA",,
DELPHI,4,1,ENGINEER,"CARMEL, IN","Troy, MI",ai
SFMG,4,1,WEALTH ADVISOR,"PLANO, TX",,
COVETRUS,4,1,"CEO; SVP, COMPOUNDING DIVISION","SCOTTSDALE, AZ","Portland, ME",ai
NAM,4,2,DIRECTOR; FUNDRAISER; FUNDRAISING,"DEERFIELD, IL; GROSSE POINTE WOODS, MI","Washington, DC",ai
CPC,4,1,ASSET MANAGEMENT; BANKING; COO,"NEW ROCHELLE, NY",,
SANDHURST,4,1,BIG BOY; REAL ESTATE INVESTMENT & MANAGMENT; REAL ESTATE INVESTMENT AND MANAGEMENT,"IRVINGTON, NY",,
DALET,4,1,BUSINESS DEVELOPMENT MANAGER,"MIAMI, FL","New York, NY",ai
BAYLOR,4,1,PEDIATRIC NEUROSURGEON; SURGEON,"HOUSTON, TX","Waco, TX",ai
AWM,4,1,FINANCE; FINANCIAL ADVISOR,"MIAMI, FL",,
BIDMC,4,2,PHYSICIAN; REGISTERED NURSE,"NEEDHAM, MA; NEWTON CENTER, MA","Boston, MA",ai
USHER,4,1,BUSINESS PROFESSIONAL; CEO,"JACKSONVILLE, FL",,
USG,4,3,ATTORNEY; PROFESSOR; RETIRED,"BETHESDA, MD; DEMOREST, GA; WASHINGTON, DC","Chicago, IL",ai
KCAV,4,2,ATTORNEY; BUSINESS OWNER; OWNER/COMPLIANCE,"OVERLAND PARK, KS",,
LIGHTBOX,4,1,REAL ESTATE,"NEW YORK, NY; TIBURON, CA","New York, NY",ai
LDI,4,2,CHAIRMAN; EXECUTIVE,"MINNETONKA, MN; NEW HOPE, MN",,
UNH,4,2,PROGRAMMER,"HIGHLAND PARK, IL","Durham, NH",ai
LVJUSD,4,1,RETIRED,"TARZANA, CA","Thousand Oaks, CA",ai
HERCULES,4,1,REAL ESTATE,"VIRGINIA BEACH, VA","Palo Alto, CA",manual
SEL,4,3,LAWYER; NURSING HOME; PHYSICIAN,"LIVINGSTON, NJ; NEWTON, MA; SAN DIEGO, CA",,
MANJ,4,1,TRANSPORTATION,"WEST ORANGE, NJ",,
SPARE,4,1,SALES EXECUTIVE; SALES MANAGER,"VENTNOR CITY, NJ","West Hollywood, CA",ai
CDSD,4,1,SCHOOL PSYCHOLOGIST,"HARRISBURG, PA",,
CDT,4,1,BUSINESS OWNER,"IRVINE, CA",,
CDHH,4,1,RETIRED; TEACHER,"PACIFIC PALISADES, CA",,
SMC,4,2,MANAGEMENT; RETIRED,"BOSTON, MA; NAPLES, FL","Somerset, WI",ai
GRUNBAUM,4,1,INVESTOR; RETIRED,"TARZANA, CA",,
FORBES,4,2,EDITOR; MANAGING PARTNER,"NEW YORK, NY; SOUTHFIELD, MI","Jersey City, NJ",ai
PRECIGEN,4,1,RETIRED,"NEWTON CENTER, MA","Fairfax, VA",ai
FRISCH,4,1,DIRECTOR OF OPERATIONS; OPERATION DIRECTOR,"ENGLEWOOD, NJ","Paramus, NJ",ai
FOX,4,1,DIGITAL; EXECUTIVE,"NEW YORK, NY","New York, NY",ai
PDI,4,1,PRESIDENT,"AUSTIN, TX","Houston, TX",ai
DORSHIRE,4,1,RETIRED,"DEERFIELD, IL",,
EXTELL,4,2,"EVP, FINANCE; LAWYER","CEDARHURST, NY; NEW YORK, NY","New York, NY",ai
NJBS,4,1,PHYSICIAN,"TEANECK, NJ",,
PFA,4,1,RETIRED,"BOCA RATON, FL",,
CYBERARK,4,2,"CEO; FOUNDER & EXECUTIVE CHAIRMAN; FOUNDER, CHAIRMAN & CEO","CHESTNUT HILL, MA","Newton, MA",ai
EGRS,4,1,LEGISLATIVE ADVOCATE,"CARMICHAEL, CA",,
DHS,4,1,FORMER TEACHER; RETIRED,"EUGENE, OR","Washington, DC",
PHILIPS,4,2,GENEVA ACCOUNT MANAGER; MEDICAL SALES; RETIRED,"FRISCO, TX; TUXEDO PARK, NY","Andover, MA",ai
FATTOC,4,1,RETIRED,"WEST HOLLYWOOD, CA","West Hollywood, CA",
AMHERST,4,1,ATTORNEY,"MATTHEWS, NC","Austin, TX",ai
PIM,4,1,INVESTMENT; REAL ESTATE,"PACIFIC PALISADES, CA",,
EMORY,4,2,PHYSICIAN; PROFESSOR,"ATLANTA, GA","Atlanta, GA",ai
FLOWERRE,4,1,REAL ESTATE BROKER,"GREAT NECK, NY",,
FINRA,4,2,PROGRAM MANAGER; RETIRED,"MIAMI, FL; POTOMAC, MD","Washington, DC",ai
ANS,4,1,CO-FOUNDER,"PARADISE VALLEY, AZ; SCOTTSDALE, AZ",,
WTIC-TV,4,1,RETIRED,"BLOOMFIELD, CT","Hartford, CT",ai
ALLENCOMM,4,1,CEO; MANAGEMENT,"SALT LAKE CITY, UT","Salt Lake City, UT",ai
ALTER,4,1,BUSINESS MANAGER,"SKOKIE, IL",,
HEDGEACT,4,1,ATTORNEY,"CHICAGO, IL",,
CDPH,4,1,PHYSICIST,"LINCOLN, CA","Sacramento, CA",ai
MICROCHIP,4,1,ATTORNEY; RETIRED,"PITTSBURGH, PA","Chandler, AZ",ai
GTCR,4,1,RETIRED,"TETON VILLAGE, WY","Chicago, IL",ai
IPSOS,4,1,CONSULTANT,"BROOKLYN, NY","New York, NY",ai
BLUESPOT,4,1,PRESIDENT,"NEW YORK, NY",,
SYNERGY,4,1,PHYSICIAN,"SOUTHFIELD, MI",,
MDEMDPC,4,1,PHYSICIAN,"OXNARD, CA",,
GXO,4,1,"ANALYST, FINANCE; SENIOR ANALYST; SENIOR ANALYST, FINANCE","NEW YORK, NY","Greenwich, CT",ai
BAYER,4,1,SOFTWARE DEVELOPER,"UNIVERSITY CITY, MO","Whippany, NJ",ai
JINSA,4,1,DEVELOPMENT; FUNDRAISER,"LOXAHATCHEE, FL","Washington, DC",ai
VRCNY,4,1,PHYSICIAN,"GREAT NECK, NY",,
JACOB,4,1,PHYSICIAN,"MIAMI BEACH, FL",,
VEARC,4,1,OPERATING PARTNER,"NEW YORK, NY",,
BDTX,4,1,RETIRED,"NEW HOPE, PA","Great Neck, NY",ai
RMCB,3,1,RETIRED,"FAIRFIELD, CT","Elmsford, NY",
SCHUYLER,3,1,RETIRED,"AVENTURA, FL",,
COAST,3,1,CHIEF OF STAFF; HEAD OF BUSINESS OPERATIONS,"NEW YORK, NY",,
SBNY,3,1,VENTURE CAPITAL,"MIAMI BEACH, FL","New York, NY",ai
SG360,3,2,MECHANIC/ MACHINE ADJUSTER/ MECHANICAL; SALES,"CHICAGO, IL; MERRICK, NY","Wheeling, IL",ai
NAVISTAR,3,1,RETIRED,"SKOKIE, IL","Lisle, IL",
GIFT,3,1,RETIRED,"LUTZ, FL",,
CRF,3,1,FINANCE,"SCARSDALE, NY",,
SAGENT,3,1,SOFTWARE DEVELOPER,"STATEN ISLAND, NY","New York, NY",ai
NNONE,3,1,RETIRED,"MINNETONKA, MN",,
PAS,3,1,ACCOUNTANT; RETIRED,"ATLANTIC BEACH, NY",,
FERMENT,3,1,INVESTOR,"NEW YORK, NY",,
ORTHOFIX,3,1,LAWYER,"DALLAS, TX","Lewisville, TX",ai
NWH,3,1,MEDICAL DOCTOR; PHYSICIAN,"ENGLEWOOD, NJ",,
OTGP,3,1,CEO,"GREENSBORO, NC","Chapel Hill, NC",ai
NYSWCB,3,1,COMP CLAIMS REFEREE,"EAST BRUNSWICK, NJ",,
PMP,3,1,CEO,"GREENSBORO, NC",,
WTW,3,2,ACTUARY; INSURANCE BROKER; SENIOR VICE PRESIDENT,"SHERMAN OAKS, CA; TEANECK, NJ","New York, NY",ai
WOODNEXT,3,1,FINANCE,"NEW YORK, NY",,
WPCM,3,1,FINANCE,"RUMSON, NJ",,
WRDC,3,1,REAL ESTATE,"ARDMORE, PA",,
JPORLEANS,3,1,CEO,"CONSHOHOCKEN, PA",,
JBI,3,1,INVESTMENTS; RETIRED,"SCOTTSDALE, AZ",,
FCE,3,1,RETIRED,"WINNETKA, IL","Danbury, CT",ai
ADVENTIST,3,2,EMPLOYEE; PHYSICIAN,"PORTLAND, OR","Silver Spring, MD",ai
ALKERMES,3,1,RETIRED,"LENOX, MA","Waltham, MA",
ZINTRO,3,1,RETIRED,"BOSTON, MA","Denver, CO",ai
REINGOLD,3,1,SENIOR DIGITAL MARKETING ASSOCIATE,"RESTON, VA","Alexandria, VA",ai
RISHMFM,3,1,PHYSICIAN,"GREAT NECK, NY",,
NORC,3,2,PROGRAMMER,"HIGHLAND PARK, IL","Chicago, IL",ai
FORD,3,1,DIRECTOR TPM,"SEATTLE, WA","Dearborn, MI",ai
NIGHTHAWK,3,1,RADIOLOGIST,"TUCSON, AZ","Tucson, AZ",ai
DCS,3,1,RETIRED,"PHILADELPHIA, PA",,
PREF,3,1,RETIRED,"ENGLEWOOD, NJ",,
FTV,3,1,FINANCE,"HERMOSA BEACH, CA; SAN DIEGO, CA","Los Angeles, CA",ai
ESS,3,1,RETIRED,"BOCA RATON, FL",,
DRUSCO,3,1,RETIRED,"PINECREST, FL",,
DONOVANS,3,1,RETIRED,"PARADISE VALLEY, AZ",,
PENOSCOT,3,1,RETIRED,"PALM BEACH, FL","Portland, ME",ai
PMSCO,3,1,REAL ESTATE,"SAN DIEGO, CA",,
PHM,3,1,,"BETHESDA, MD",,
PAYJOY,3,1,SOFTWARE ENGINEER,"TUCSON, AZ","San Francisco, CA",ai
CHAIRMAN,3,2,HOMEMAKER; KIMCO; RETIRED,"OLD WESTBURY, NY; SCARSDALE, NY",,
CHABAD,3,3,RABBI,"DALLAS, TX; PARK CITY, UT; REDONDO BEACH, CA","Brooklyn, NY",ai
CFVHS,3,1,RETIRED,"GREENVILLE, NC",,
CHG,3,1,MANAGEMENT; RETIRED,"MENDOTA HEIGHTS, MN",,
SEGBRO,3,1,REAL ESTATE; RETIRED,"ENGLEWOOD CLIFFS, NJ; ENGLEWOOD, NJ",,
MOSS,3,1,PROJECT MANAGER,"MIAMI, FL",,
MMC,3,2,PHYSICIAN,"BROOKLYN, NY; NEW YORK, NY","New York, NY",ai
TINDER,3,1,FOUNDER,"LOS ANGELES, CA","West Hollywood, CA",ai
LOMARHR,3,1,CONSULTANT,"SCARSDALE, NY",,
HUMC,3,1,PHYSICIAN,"ENGLEWOOD, NJ","Bayonne, NJ",ai
MAB,3,1,INVESTMENTS; REAL ESTATE,"DALLAS, TX",,
SUTTER,3,1,PHYSICIAN,"MENLO PARK, CA","Sacramento, CA",ai
SUNY,3,1,PROFESSOR,"PINE BUSH, NY","Albany, NY",ai
MCNAUL,3,2,ATTORNEY,"MERCER ISLAND, WA; SEATTLE, WA","Seattle, WA",ai
MCO,3,1,ANALYST; SENIOR VICE PRESIDENT,"CHERRY HILL, NJ; PHILADELPHIA, PA","Davie, FL",ai
BRIAN,3,1,SELF-EMPLOYED,"LOS ANGELES, CA",,
STINSON,3,1,ATTORNEY,"DALLAS, TX","Saint Louis, MO",ai
SMBC,3,1,REAL ESTATE FINANCE,"NEW YORK, NY","New York, NY",ai
SOFTWARE,3,2,MARKETING; SOFTWARE ENGINEER,"NORTH WALES, PA; VALLEY STREAM, NY",,
MCS,3,1,EXECUTIVE DIRECTOR,"LOS ANGELES, CA",,
HILLSPIRE,3,1,INVESTMENT; REAL ESTATE,"SAN FRANCISCO, CA","Menlo Park, CA",ai
TEMPLE,3,3,CLEANING UP MESSES; CLERGY; RETIRED,"CLOSTER, NJ; LAKE WORTH, FL; PHILADELPHIA, PA",,
CANYONMD,3,1,BUSINESS OWNER,"MANHATTAN BEACH, CA","New York, NY",ai
CDR,3,2,FINANCE,"SCARSDALE, NY",,
SEF,3,3,ATTORNEY; INVESTOR; LAWYER,"NEW ROCHELLE, NY; SUNNY ISLES BEACH, FL; TROY, MI",,
SHUMAKER,3,2,ATTORNEY,"OTTAWA HILLS, OH; TAMPA, FL","Tampa, FL",ai
CES,3,1,LIBRARIAN,"FAIRFIELD, CT","Trumbull, CT",ai
SKG,3,1,REAL ESTATE,"ENCINITAS, CA","Encinitas, CA",manual
MILLIMAN,3,1,ACTUARY; RETIRED,"NEW YORK, NY","Emeryville, CA",ai
MERCK,3,3,MARKETING; PHYSICIAN; RETIRED,"NEW ROCHELLE, NY; NEW YORK, NY; RALEIGH, NC","Kenilworth, NJ",ai
GTA,3,1,PRESIDENT; RETIRED,"DUNWOODY, GA",,
MFM,3,1,CONSULTANT,"SCARSDALE, NY",,
MHP,3,2,PHYSICIAN,"BLOOMFIELD HILLS, MI; FRANKLIN, MI",,
MHQ,3,1,FOUNDER AND CHAIR; MOSTLY TRTIRED,"BOSTON, MA",,
SSA,3,1,ATTORNEY,"BAYSIDE, NY",,
THERABODY,3,1,CO-FOUNDER; EXECUTIVE,"BEVERLY HILLS, CA","Roseville, CA",ai
TRINET,3,3,ANALYST; FINANCE SPECIALIST; HEDGE FUND PRACTICE LEADER,"BROOKLYN, NY; WELLESLEY, MA","Dublin, CA",ai
CACTUS,3,2,COO; RETIRED,"BELLAIRE, TX; HOUSTON, TX","Chandler, AZ",ai
TANDEMHR,3,1,RETIRED,"CHICAGO, IL","Boston, MA",ai
KCM,3,1,INVESTOR,"DALLAS, TX","Chicago, IL",ai
KRA,3,1,DEVELOPER; REAL ESTATE,"LOS ANGELES, CA",,
ICSD,3,1,RETIRED,"ITHACA, NY",,
LDR,3,1,LAWYER; PARTNER,"HOUSTON, TX",,
TRV,3,1,VENTURE CAPITAL,"PALM BEACH GARDENS, FL","New York, NY",ai
UMSJMC,3,1,RETIRED,"BALTIMORE, MD","Worcester, MA",ai
BLUELINX,3,1,RETIRED,"ATLANTA, GA","Atlanta, GA",ai
BURBERRY,3,3,EXECUTIVE ASSISTANT; PLANNER,"ENGLEWOOD, NJ; NEW YORK, NY","New York, NY",ai
LUSD,3,1,RETIRED,"WILLITS, CA","Brea, CA",ai
LRGRW,3,1,RETIRED,"SANDY SPRINGS, GA",,
LOWNDES,3,1,ATTORNEY,"MAITLAND, FL; WINTER PARK, FL","Orlando, FL",ai
LLG,3,1,LAWYER; SELF-EMPLOYED,"GREAT NECK, NY",,
TOPAZ,3,1,REAL ESTATE,"ENGLEWOOD, NJ",,
BRAZE,3,1,PRODUCT MANAGER,"LOS ANGELES, CA; NEW YORK, NY","New York, NY",ai
BCLL,3,1,MARKETING,"CHARLOTTE, NC",,
VAST,3,1,SOFTWARE DEVELOPER,"ENGLEWOOD, NJ","New York, NY",ai
URBAN,3,1,PRESIDENT; RETIRED,"GREENWOOD VILLAGE, CO",,
URG,3,1,MEDICAL DOCTOR,"MONROE TOWNSHIP, NJ",,
INFOSYS,3,1,CONSULTANT,"MIAMI, FL","Plano, TX",ai
WALMART,3,2,RETAIL; RETIRED,"METUCHEN, NJ; PASADENA, CA; SOUTH PASADENA, CA","Bentonville, AR",ai
KJBINC,3,1,RETIRED,"SKOKIE, IL",,
U.S.P.S,3,2,RETIRED; TREASURER,"ANN ARBOR, MI; EL SOBRANTE, CA","Washington, DC",
KENTWOOD,3,1,REALTOR,"ENGLEWOOD, CO","Kentwood, MI",ai
KIG,3,2,RETIRED; TICKET SALES,"DELRAY BEACH, FL; PIKESVILLE, MD",,
WAYS2WELL,3,1,HEALTHCARE,"AUSTIN, TX",,
ARDELYX,3,2,PHARMACEUTICAL EXEC; PHARMACEUTICAL SALES,"AVENTURA, FL; WABAN, MA","Waltham, MA",ai
ASBURY,3,2,RETIRED,"EAST HAMPTON, NY; NAPLES, FL","Ocean City, NJ",ai
KATZIN,3,1,REAL ESTATE INVESTOR,"LOS ANGELES, CA",,
JFS,3,1,DEVELOPMENT; DEVELOPMENT ADMIN,"BLOOMFIELD HILLS, MI","Bloomfield Hills, MI",manual
JFCSNNJ,3,1,PSYCHOTHERAPIST,"TENAFLY, NJ","Summit, NJ",ai
JMBM,3,1,ATTORNEY,"ENCINO, CA; HIDDEN HILLS, CA","Los Angeles, CA",ai
ADDCA,3,1,OWNER,"SLINGERLANDS, NY",,
WRSSR,2,2,LAWYER,"LOS ANGELES, CA",,
ZMC,2,1,FINANCE,"NEW YORK, NY","New York, NY",ai
WESTVIEW,2,1,SALES,"WOODBURY, NY",,
ZIG,2,1,COMMERCIAL REAL ESTATE OWNER; SELF-EMPLOYED,"CHARLOTTE, NC",,
YMPC,2,1,EXECUTIVE,"COLUMBUS, OH",,
ADG,2,1,MULTI FAMILY DESIGN,"LOS ANGELES, CA",,
WELLPATH,2,1,HEALTHCARE,"THOUSAND OAKS, CA","Franklin, TN",ai
ISDS,2,1,CONSULTANT,"DALLAS, TX",,
JEFFERSON,2,1,PHYSICIAN,"DOYLESTOWN, PA",,
JCRC,2,1,RETIRED,"ATLANTA, GA",,
JCG,2,1,VICE PRESIDENT,"NEW YORK, NY",,
WELLMED,2,1,PHYSICIAN,"OLDSMAR, FL","Austin, TX",ai
WDS,2,1,ASSISTANT TEACHER,"NEW ROCHELLE, NY",,
ASN,2,1,ANESTHESIOLOGIST,"DAYTON, OH",,
ARMY,2,1,,"CONCORD, CA","Washington, DC",ai
WASSERMAN,2,1,CEO/CHAIRMAN,"LOS ANGELES, CA","Los Angeles, CA",ai
VESTED,2,1,INVESTOR,"NEW YORK, NY",,
VERIS,2,1,ATTORNEY,"MERCER ISLAND, WA","Seattle, WA",ai
WESTSIDE,2,1,INVESTOR,"DENVER, CO; GREENWOOD VILLAGE, CO",,
BCMI,2,1,EXECUTIVE; EXECUTIVE VICE PRESIDENT,"BRYN MAWR, PA",,
KATTEN,2,2,ATTORNEY,"DALLAS, TX; NEW YORK, NY","Los Angeles, CA",ai
K&S,2,1,LAW PARTNER,"LOS ANGELES, CA",,
INFOR,2,1,RETIRED,"BROOKLYN, NY","Plano, TX",ai
JAT,2,1,REAL ESTATE,"ATLANTA, GA; SANDY SPRINGS, GA",,
JAM,2,1,CEO,"ENCINO, CA",,
JSL,2,1,FINANCE; FINANCIAL SERVICES,"LOS ANGELES, CA",,
BCE,2,1,RETIRED,"BEVERLY HILLS, CA",,
UBCC,2,1,PRESIDENT,"LEHI, UT",,
USUHS,2,1,TEACHER,"BETHESDA, MD","Bethesda, MD",ai
USHP,2,1,PHYSICIAN,"ROCKVILLE, MD",,
UNC,2,1,PHYSICIAN,"CHAPEL HILL, NC","Chapel Hill, NC",ai
UMD,2,1,TEACHER,"ALEXANDRIA, VA","College Park, MD",ai
UJC,2,1,RETIRED,"BOULDER, CO",,
UHS,2,2,EXECUTIVE; EXECUTIVE CHAIR,"GLADWYNE, PA; NEWTOWN SQUARE, PA","King of Prussia, PA",ai
AWS,2,2,DCEO EOT IV; TECH EXECUTIVE,"SCARSDALE, NY; VALPARAISO, IN","Seattle, WA",ai
ITREK,2,1,SENIOR ASSOCIATE,"NEW YORK, NY",,
JTS,2,1,ATTORNEY,"MOUNT PLEASANT, SC","Dallas, TX",ai
KHC,2,1,LAWYER,"CHERRY HILL, NJ","Pittsburgh, PA",ai
L&J,2,1,ATTORNEY,"MARIETTA, GA",,
KYNDRYL,2,2,SALES,"ENGLEWOOD, NJ; NORTHBROOK, IL","New York, NY",ai
KYHS,2,1,EXECUTIVE DIRECTOR,"BOCA RATON, FL",,
TSTI,2,1,RABBI,"SOUTH ORANGE, NJ","South Orange, NJ",ai
BCCP,2,1,REGISTERED NURSE,"BALTIMORE, MD",,
BBS&G,2,2,ACCOUNTANT; ATTORNEY,"BETHESDA, MD; SOUTHFIELD, MI",,
BLATT,2,1,HOMEBUILDER; HOMEBUILDR,"CINCINNATI, OH",,
BERNSTEIN,2,2,INVESTMENT MANAGER; RETIRED,"LOS ANGELES, CA; WASHINGTON, DC","Philadelphia, PA",ai
BOSPAR,2,1,CONTENT DIRECTOR,"HUNTINGTON STATION, NY","San Francisco, CA",ai
BNE,2,2,REAL ESTATE,"LIVINGSTON, NJ; SHORT HILLS, NJ",,
TLE,2,1,RETIRED,"PALM BEACH GARDENS, FL",,
TIKAVH,2,1,CONSULTANT,"SAN FRANCISCO, CA",,
TIFIN,2,2,MANAGEMENT; PUBLISHING,"FREEHOLD, NJ; ROSLYN, NY","New York, NY",ai
THIMBLE,2,1,SMALL BUSINESS,"HARRISON, NY; NEWTON, MA","New York, NY",ai
TESLA,2,1,STAFF TECHNICAL PROGRAM MANAGER,"SEATTLE, WA","AUSTIN, TX",ai
IDT,2,2,ACCOUNTING; ENGINEER,"PASSAIC, NJ; WOODMERE, NY","Melville, NY",ai
IQHQ,2,1,REAL ESTATE,"LOS ANGELES, CA","Solana Beach, CA",ai
IPASS,2,1,REAL ESTATE; RETIRED,"LOS ANGELES, CA","Ridgefield Park, NJ",
INVENTEL,2,1,ATTORNEY,"CHERRY HILL, NJ",,
KMS,2,1,PHYSICIAN,"HOLLYWOOD, FL",,
TCV,2,1,CFO,"SHORT HILLS, NJ","San Francisco, CA",ai
BMO,2,1,SALES TRADER,"WOODMERE, NY","New York, NY",ai
BTG,2,1,RETIRED,"LIVINGSTON, NJ","New York, NY",
BROCKTON,2,1,TEACHER,"CANTON, MA",,
CBG,2,1,REAL ESTATE DEVELOPER; SELF-EMPLOYED,"SAN ANTONIO, TX",,
CATALYST,2,1,PHYSICIAN,"PLANO, TX","Plano, TX",ai
CCT,2,1,ENERGY POLICY ANALYST,"FAIRFAX, VA",,
STS,2,1,CFO,"SACRAMENTO, CA",,
STI,2,1,BUSINESS,"PRINCETON, NJ","Costa Mesa, CA",ai
STERN,2,2,REAL ESTATE DEVELOPMENT; RETIRED,"AVENTURA, FL; COLUMBIA, SC","New York, NY",ai
STEMRAD,2,1,CEO,"TAMPA, FL","Tampa, FL",ai
SLF,2,1,REALTOR; RETIRED,"CHARLOTTE, NC","Washington, DC",ai
KLEINBARD,2,1,ATTORNEY,"PHILADELPHIA, PA","Philadelphia, PA",ai
LECG,2,1,RETIRED,"PORTLAND, OR","New York, NY",
L3HARRIS,2,2,ENGINEER; ENGINEERING,"BEACHWOOD, OH; ROCHESTER, NY","Melbourne, FL",ai
SSL,2,1,LAWYER,"WASHINGTON, DC",,
CALTECH,2,1,RETIRED,"GLENDALE, CA","PASADENA, CA",ai
CALDWELL,2,1,CONSULTANT,"NEW YORK, NY",,
CDPA,2,1,PATHOLOGIST,"SLINGERLANDS, NY",,
SMI,2,1,EXECUTIVE; VICE PRESIDENT,"SAN DIEGO, CA","King of Prussia, PA",ai
CHASE,2,2,"EXECUTIVE DIRECTOR, PROGRAM MANAGEMENT; FINANCE","BEACHWOOD, OH; FAIR LAWN, NJ","New York, NY",ai
CHADWAY,2,1,BUSINESS ADVISOR; MERGER AND ACQUISITIONS ADVISOR,"WENTZVILLE, MO",,
CHA,2,1,DIR OF ADVANCEMENT,"MERCER ISLAND, WA",,
SLG,2,1,FINANCE,"PHILADELPHIA, PA","New York, NY",ai
SGWS,2,2,EXECUTIVE; MANAGER,"BOCA RATON, FL; WESTON, FL","Miami, FL",ai
SLADOWSKY,2,1,FINANCIAL SERVICES,"ENGLEWOOD, NJ",,
SILCON,2,1,RETIRED,"HENDERSON, NV",,
SPAXEL,2,1,REAL ESTATE,"ENGLEWOOD, NJ",,
SONCO,2,1,MANAGER,"ELK GROVE VILLAGE, IL","Elk Grove Village, IL",ai
SOCALGAS,2,1,MEDIA MANAGER,"LOS ANGELES, CA","Los Angeles, CA",ai
LINKEDIN,2,2,CORPORATE STRATEGY MANAGER; MARKETING,"BROOKLYN, NY; NEW YORK, NY","Sunnyvale, CA",ai
LIGHTBANK,2,2,INVESTOR,"CHICAGO, IL","Chicago, IL",ai
HPE,2,1,SALES,"CARMEL, IN","Spring, TX",ai
INCOMNET,2,1,RETIRED,"SANTA MONICA, CA",,
INCEPTIV,2,1,PRIVATE EQUITY INVESTOR,"GREENWOOD VILLAGE, CO","Culver City, CA",ai
CESJDS,2,1,LANG ARTS SPECIALIST,"SILVER SPRING, MD","Rockville, MD",ai
CJDS,2,1,EDUCATION; HOMEMAKER,"CHARLOTTE, NC","Charlotte, NC",ai
CITIWORKS,2,1,RETIRED,"AVENTURA, FL","Irving, TX",
SCHATZKI,2,1,PHYSICIAN,"WELLESLEY, MA",,
SELT,2,1,INVESTOR; RETIRED,"NORTH MIAMI BEACH, FL",,
SELG,2,1,REAL ESTATE DEVELOPER,"TARZANA, CA",,
SHORASHIM,2,1,RETIRED,"LANGHORNE, PA",,
LVHN,2,1,PHYSICIAN,"ALLENTOWN, PA","Allentown, PA",ai
LUNDBECK,2,1,AREA SALES MANAGER,"MIAMI BEACH, FL","Deerfield, IL",ai
LOWES,2,2,RETIRED,"ANOKA, MN; PHILADELPHIA, PA","Mooresville, NC",ai
LNC,2,1,AG EXEC; EXECUTIVE,"MEMPHIS, TN",,
MARZET,2,1,OWNER,"PARKER, TX",,
LMPP,2,1,REAL ESTATE,"TIBURON, CA",,
CPA,2,1,CONSULTANT,"BEACHWOOD, OH",,
COREVEST,2,1,EXECUTIVE; INVESTMENTS,"BLOOMFIELD HILLS, MI","Irvine, CA",ai
SAFEHOLD,2,1,REAL ESTATE,"SCARSDALE, NY","New York, NY",ai
RWJBH,2,1,PHYSICIAN,"SHORT HILLS, NJ","New Brunswick, NJ",ai
RGP,2,1,LEGAL CONSULTANT,"LONG BRANCH, NJ","Dallas, TX",ai
RUTGERS,2,2,ASSESSMENT; PHYSICIAN,"KENDALL PARK, NJ; SPRINGFIELD, NJ","New Brunswick, NJ",ai
RUGGABLE,2,1,COO,"LOS ANGELES, CA","Walnut Creek, CA",ai
RRC,2,1,FINANCE,"LOS ANGELES, CA","Santa Monica, CA",ai
CLEERLY,2,1,ATTORNEY,"DALLAS, TX","Denver, CO",ai
CLAROTY,2,1,SALES; TECHNOLOGY,"NEW YORK, NY","New York, NY",ai
CRICUT,2,1,DIRECTOR OF ENGINEERING,"SALT LAKE CITY, UT","South Jordan, UT",manual
RAZORFISH,2,1,WEB ANALYST,"NEW YORK, NY","New York, NY",ai
M2G,2,1,CONSULTANT,"NEW YORK, NY",,
HGF,2,1,FOUNDER,"AGAWAM, MA",,
IBB,2,1,CONTROLLER,"DALLAS, TX",,
HTL,2,1,EXECUTIVE,"BRIDGEHAMPTON, NY",,
HTG,2,1,BUSINESS OWNER; REAL ESTATE DEVELOPMENT,"CORAL GABLES, FL; MIAMI, FL",,
HSE,2,1,FINANCIAL ANALYST,"WASHINGTON, DC",,
IGN,2,1,MEDIA,"SCOTCH PLAINS, NJ","Los Angeles, CA",ai
RJC,2,2,RABBI; STAFF,"BRONX, NY; WOODLAND HILLS, CA","Washington, DC",ai
CWC,2,1,SALES,"EAST RUTHERFORD, NJ; GOLDEN BEACH, FL",,
CUSM,2,1,PHYSICIAN,"OMAHA, NE",,
CRS,2,1,CEO,"NORTH PALM, FL",,
DEN,2,1,CO-CEO,"NEW YORK, NY",,
DEM,2,1,GENERAL MANAGER; MANAGER,"BOCA RATON, FL",,
DDR,2,1,RETIRED,"NEW YORK, NY","Beachwood, OH",ai
RBS,2,1,RETIRED,"ENGLEWOOD, NJ",,
HON,2,1,REAL ESTATE,"DALLAS, TX","Muscatine, IA",ai
HOMEX,2,1,CEO,"CHICAGO, IL",,
HMH,2,1,PHYSICIAN,"ENGLEWOOD, NJ","Boston, MA",ai
RAH,2,1,MEDICAL DOCTOR; PHYSICIAN,"FORT LAUDERDALE, FL",,
QUARTZY,2,1,PRODUCT MANAGER,"SAN MATEO, CA","San Francisco, CA",ai
PWH,2,1,HEALTHCARE,"WEST HARTFORD, CT",,
REVV,2,1,CHIEF PRODUCT OFFICER,"SANTA CLARITA, CA","Boise, ID",ai
REV,2,1,ACCOUNTANT,"TENAFLY, NJ",,
DWT,2,1,LAWYER,"LOS ANGELES, CA","Seattle, WA",ai
PINTEREST,2,1,SALES,"SHERMAN OAKS, CA","San Francisco, CA",ai
PSCC,2,1,RETIRED,"SHORELINE, WA",,
PRODEW,2,1,ENGINEERING,"MARIETTA, GA",,
PRICEMDS,2,1,CEO,"CLEARWATER BEACH, FL; CLEARWATER, FL","Clearwater, FL",ai
EPCF,2,1,EMERGENCY PHYSICIAN; PHYSICIAN,"MAITLAND, FL","El Paso, TX",ai
PCI,2,1,SALES; SELF-EMPLOYED,"BLOOMFIELD HILLS, MI; DETROIT, MI",,
DERMCARE,2,1,MEDICAL DOCTOR,"PINECREST, FL","Hollywood, FL",ai
ELDRIDGE,2,1,ATTORNEY,"DALLAS, TX","New York, NY",ai
PAGNY,2,1,UROLOGIST,"MONSEY, NY","New York, NY",ai
MASS,2,1,HEALTH,"BOSTON, MA",,
MEDVET,2,1,VETERINARIAN; VETERINARY RADIOLOGIST,"BEACHWOOD, OH","King of Prussia, PA",ai
MCPS-MD,2,1,RETIRED,"HANOVER, MD","Bethesda, MD",ai
PACKMAN,2,1,ATTORNEY,"MIAMI, FL",,
OVRDRV,2,1,RETIRED,"NEWTON, MA",,
EVTS,2,1,EXECUTIVE,"BROOKLINE, MA",,
PARENTMAP,2,1,PUBLISHER,"MERCER ISLAND, WA",,
PAMF,2,1,PHYSICIAN,"MENLO PARK, CA","San Mateo, CA",ai
PALANTIR,2,1,,"NEW YORK, NY","Aventura, FL",ai
EMR,2,1,REAL ESTATE,"LOS ANGELES, CA","Saint Louis, MO",ai
FHLBSF,2,1,RISK MANAGEMENT,"MORAGA, CA","San Francisco, CA",ai
FERRING,2,1,SALES,"PLANTATION, FL","Princeton, NJ",ai
GTREASURY,2,1,SALES,"CHICAGO, IL","Buffalo Grove, IL",ai
HERRUPCPA,2,1,CPA,"MIAMI, FL",,
HDB,2,1,ADMINISTRATOR,"SCARSDALE, NY",,
HILLEL,2,2,DIRECTOR; EXECUTIVE,"COLUMBUS, OH; WASHINGTON, DC","Washington, DC",ai
OMG,2,1,ATTORNEY,"LAWRENCE, NY",,
OHS,2,1,ATTORNEY,"SANTA MONICA, CA",,
OFJCC,2,1,CEO,"LOS ALTOS, CA","ROSEVILLE, CA",ai
NYS,2,2,MEDICAL DOCTOR; RETIRED,"GLOVERSVILLE, NY; GREAT NECK, NY","Albany, NY",ai
FASB,2,1,BANKER,"GREENWOOD VILLAGE, CO","Norwalk, CT",ai
NORTHSIDE,2,1,RETIRED,"ATLANTA, GA; SANDY SPRINGS, GA",,
FIBERTRON,2,1,RETIRED,"NEWPORT BEACH, CA","Rye Brook, NY",
GAMESTOP,2,1,RETIRED,"AUSTIN, TX","Grapevine, TX",
FTI,2,2,CONSULTANT; FINANCIAL,"BEVERLY HILLS, CA; ROCHESTER, NY","Washington, DC",ai
FPMG,2,1,CONSULTANT; MANAGING PARTNER,"TAMPA, FL",,
NORTEX,2,1,PRESIDENT,"DALLAS, TX",,
GOODMANS,2,1,CEO,"PARADISE VALLEY, AZ",,
MLP,2,1,LAWYER,"RYE BROOK, NY",,
MJJ,2,1,MJJ; REAL ESTATE,"WARWICK, NY",,
MICRO,2,1,ATTORNEY,"HIGHLAND PARK, NJ",,
MSG,2,2,RETIRED; VP SOCIAL IMPACT,"BELLE HARBOR, NY; FORT LEE, NJ","New York, NY",ai
MREG,2,1,EXECUTIVE,"NEW YORK, NY","New York, NY",ai
MGB,2,1,PHYSICIAN,"WINCHESTER, MA",,
FOGELMAN,2,2,REAL ESTATE,"MEMPHIS, TN",,
GHAM,2,1,INVESTMENTS,"NORWALK, CT",,
NFI,2,1,OWNER,"DALLAS, TX","Camden, NJ",ai
NETFLIX,2,1,BUSINESS AFFAIRS EXECUTIVE,"TARZANA, CA","Los Gatos, CA",ai
NDA,2,1,REAL ESTATE,"BOCA RATON, FL",,
GREENSKY,2,1,CEO,"ATLANTA, GA","Atlanta, GA",manual
GLOBETAX,2,1,FINANCIAL SERVICES,"NEW YORK, NY",,
GSW,2,1,ADVISOR,"PIEDMONT, CA","Westerville, OH",ai
GSSPORTS,2,1,ADVISOR,"PIEDMONT, CA",,
GSK,2,1,SCIENTIST,"WABAN, MA","Philadelphia, PA",ai
GSD,2,1,CHIEF OF STAFF,"NEW YORK, NY",,
MPACT,2,1,CEO,"GREENSBORO, NC",,
GUHSD,2,1,SUBSTITUTE TEACHER,"SAN DIEGO, CA","El Cajon, CA",ai
GUARD,2,1,FINANCIAL ADVISOR,"LOS ANGELES, CA",,
NBEC,2,1,CEO,"SMYRNA, GA",,
ALCHEMIST,2,1,ENTREPRENEUR,"CAMBRIDGE, MA",,
AFLAC,2,2,RETIRED; SALES,"HOLMDEL, NJ; NEWTON, MA","Columbus, GA",ai
JCF,2,1,NONPROFIT MANAGEMENT; VICE PRESIDENT,"NEW YORK, NY",,
JCAN,2,1,CEO; EXECUTIVE,"COTO DE CAZA, CA",,
WITHUM,2,1,ACCOUNTANT; CPA,"AGOURA HILLS, CA; ENCINO, CA","Princeton, NJ",ai
WILLIVER,2,1,HEALTH CARE,"CHATHAM, NJ",,
WHEELS,2,2,EXECUTIVE; RETIRED,"DEKALB, IL; MENLO PARK, CA","Cleveland, OH",ai
WLRK,2,1,ATTORNEY; LAWYER,"NEW YORK, NY","New York, NY",ai
ANTEX,2,2,MANUFACTURER; MANUFACTURING,"BEVERLY HILLS, CA","Los Angeles, CA",ai
ACTUM,2,2,CO-CHAIRMAN; CONSULTANT,"PACOIMA, CA; RANCHO CUCAMONGA, CA","Los Angeles, CA",ai
A.T.N,1,1,CFO,"HIGHLAND PARK, IL",,
ACP,1,1,MEDICAL DOCTOR,"GREAT NECK, NY",,
JJB,1,1,AUDIT,"SLIDELL, LA",,
ISL,1,1,EXECUTIVE,"PURCHASE, NY",,
ISC,1,1,INSURANCE,"SCARSDALE, NY","Nashville, TN",ai
IRELL,1,1,LAWYER,"LOS ANGELES, CA","Los Angeles, CA",ai
JFOGR,1,1,DIRECTOR - NON PROFIT,"ROCHESTER, NY",,
JFNA,1,1,CEO/PRESIDENT,"WASHINGTON, DC","New York, NY",ai
JETTY,1,1,REVENUE OPERATIONS MANAGER,"ENGLEWOOD, NJ","San Jose, CA",ai
WBD,1,1,REMASTERING SPECIALIST,"FOREST HILLS, NY","Burbank, CA",ai
WLG,1,1,LAWYER,"CHERRY HILL, NJ","Boston, MA",ai
WEDTMED,1,1,PHYSICIAN,"NEW ROCHELLE, NY",,
ALTBANQ,1,1,FINANCE,"NEW YORK, NY",,
ALPHA,1,1,MANAGER,"WESTON, MA",,
AWARD,1,1,RETIRED,"DEERFIELD, IL",,
ASYV,1,1,CFO,"NEW YORK, NY",,
ASTRA,1,1,CEO,"AGOURA HILLS, CA","Hawthorne, NY",ai
ASTELLAS,1,1,SALES REP,"LOS ANGELES, CA","Northbrook, IL",ai
GROUP,1,1,REAL ESTATE,"OWINGS MILLS, MD",,
GROSSMAN,1,1,BUSINESS EXECUTIVE,"BOCA RATON, FL",,
GRIFFIN,1,1,RETIRED,"LAKE ELSINORE, CA",,
GRG,1,1,PHYSICAL,"WESTPORT, CT",,
HASBRO,1,1,DEVELOPER,"PIKESVILLE, MD","Pawtucket, RI",ai
GWE,1,1,VICE PRESIDENT,"ATLANTA, GA",,
GWC,1,1,DEVELOPER,"SAINT LOUIS, MO",,
GUMGUM,1,1,SALES DIRECTOR,"NEW YORK, NY","San Francisco, CA",ai
MNG,1,1,PRESIDENT,"OLIVETTE, MO",,
NAVY,1,1,RETIRED,"CHOCOWINITY, NC",,
HCHC,1,1,RETIRED,"NEW HAVEN, CT","Hartford, CT",
MERCOR,1,1,ATTORNEY,"NEW YORK, NY",,
WPH,1,1,MEDICAL DOCTOR,"ARMONK, NY",,
XYX,1,1,XYZ,"BEVERLY HILLS, CA",,
XTR,1,1,COO,"LOS ANGELES, CA",,
XOMETRY,1,1,CEO,"POTOMAC, MD","Mountain View, CA",ai
GARMIN,1,1,AVIATION SALES MANAGER,"SAINT LOUIS, MO","Olathe, KS",ai
GRATE,1,1,LOAN OFFICER,"MONROE, NY",,
GPKLEG,1,1,CPA,"MIAMI, FL",,
NAS,1,1,REAL ESTATE,"LOS ANGELES, CA",,
MYSELF,1,1,RETIRED,"HEALDSBURG, CA",,
MVE,1,1,CEO,"BEVERLY HILLS, CA",,
MUNDO,1,1,RETIRED,"LAS VEGAS, NV",,
MTP,1,1,DEALERSHIP RELATIONS,"CHARLOTTE, NC",,
GNEAM,1,1,INVESTMENT EXECUTIVE,"GREAT NECK, NY",,
GIVNER,1,1,LAWYER,"BAY HARBOR ISLANDS, FL",,
GSU,1,1,TEACHER,"DECATUR, GA",,
GSC,1,1,OWNER,"ENGLEWOOD CLIFFS, NJ",,
GRYPHON,1,1,FINANCE,"HERMOSA BEACH, CA","New York, NY",ai
MTL,1,1,ATTORNEY,"NEWPORT BEACH, CA",,
MORRISON,1,1,INVESTOR SOLUTIONS ASSOCIATE,"WEST HARTFORD, CT",,
MOCAP,1,1,RETIRED,"BOCA RATON, FL","Bloomington, MN",ai
GHNG,1,1,PHYSICIAN,"WEST HARTFORD, CT",,
GHCA,1,1,PHYSICIAN,"WESTON, MA",,
GGP,1,1,ATTORNEY,"ASTORIA, NY","Chicago, IL",ai
GFI,1,1,FINANCE,"LARCHMONT, NY","New York, NY",ai
NFG,1,1,EXECUTIVE,"WHITEHALL, PA","Williamsville, NY",ai
NEXTOP,1,1,WORKFORCE DEVELOPMENT,"MANDEVILLE, LA",,
MSW,1,1,REAL ESTATE INVESTOR -DEVELOPER,"TUCSON, AZ",,
MSK,1,1,MEDICAL DOCTOR,"NEW YORK, NY","New York, NY",ai
NEWCHEM,1,1,CHAIRMAN,"IRVINE, CA",,
NEWBROOK,1,1,REAL ESTATE,"SHERMAN OAKS, CA",,
NETATWORK,1,1,TECHNOLOGY,"HOLLYWOOD, FL","Philadelphia, PA",ai
NDP,1,1,ACCOUNT EXECUTIVE,"CHARLOTTE, NC",,
NCSY,1,1,MAJOR GIFTS DIRECTOR,"HOLLYWOOD, FL","New York, NY",ai
GBD,1,1,RETIRED,"ENGLEWOOD CLIFFS, NJ","San Francisco, CA",ai
GARY-SELF,1,1,PHYSICIAN,"CHAGRIN FALLS, OH",,
GARTNER,1,1,VP OF STRATEGY,"ATLANTA, GA","Jacksonville, FL",ai
GOVT,1,1,RETIRED,"AVENTURA, FL",,
MERCER,1,1,ATTORNEY,"DEWITTVILLE, NY","New York, NY",ai
MLEDLINE,1,1,PRODUCT MANAGEMENT,"EVANSTON, IL",,
MJW,1,1,RETIRED,"PALMYRA, VA",,
MINTZ,1,1,ATTORNEY,"DEL MAR, CA","Boston, MA",ai
MILV,1,1,PHYSICIAN,"ALLENTOWN, PA",,
MIL,1,1,DEVELOPER,"GREENWOOD VILLAGE, CO",,
MICHELMAN,1,1,CEO,"CINCINNATI, OH","Annandale, NJ",ai
MHS,1,1,PHYSICIAN,"FORT LAUDERDALE, FL","Washington, DC",ai
MRM,1,1,PHYSICIAN,"NEW YORK, NY","Arlington, VA",ai
MHG,1,1,BUSINESS SERVICES,"HARRISON, NY","New York, NY",ai
GOCHARGE,1,1,CEO,"SCARSDALE, NY","San Francisco, CA",ai
GNTC,1,1,COLLEGE INSTRUCTOR,"CHATTANOOGA, TN",,
NCPA,1,1,HEALTH POLICY,"WILMETTE, IL","Alexandria, VA",ai
NMG,1,1,MEDIA,"NEW YORK, NY",,
NGM,1,1,RETIRED,"NORFOLK, VA",,
FARMER,1,1,RETIRED,"INDIO, CA",,
FACTORLAW,1,1,ATTORNEY,"CHICAGO, IL","New York, NY",ai
FABRICANT,1,1,INSURANCE,"NEW YORK, NY","New York, NY",ai
FMR,1,1,RETIRED,"NEWTON, MA","Boston, MA",
FLUXON,1,1,CEO,"PALO ALTO, CA",,
FISERV,1,1,SALES DIRECTOR,"FAIRFIELD, CT","Brookfield, WI",ai
NSUHS,1,1,PHYSICIAN,"HIGHLAND PARK, IL","Davie, FL",ai
NSI,1,1,OWNER,"NEW YORK, NY","Jacksonville, FL",ai
NRSC,1,1,POLITICAL DIRECTOR,"WASHINGTON, DC","Washington, DC",ai
NOSVA,1,1,OWNER,"BEVERLY HILLS, CA",,
FIGHTCAMP,1,1,CFO,"LOS ANGELES, CA","Denver, CO",ai
G-BAR,1,1,OWNER,"GLENCOE, IL",,
FPL,1,1,RETIRED,"MIAMI BEACH, FL","Juno Beach, FL",ai
FPF,1,1,POLICY COUNSEL,"WASHINGTON, DC",,
FPC,1,1,,"NEW CITY, NY",,
NORDSTROM,1,1,ALTERATIONS SPECIALIST,"CAMP HILL, PA","Seattle, WA",ai
NUMC,1,1,MEDICAL DOCTOR,"PORT WASHINGTON, NY","Camden, NJ",ai
ORTHOMED,1,1,SURGEON,"WESTON, FL","Bloomfield, NJ",ai
ORLINSKY,1,1,INVESTMENTS,"TEANECK, NJ",,
ORDERTECH,1,1,OWNER,"PHOENIX, AZ",,
ORBIS,1,1,REAL ESTATE,"LOS ANGELES, CA","New York, NY",ai
OPWDD,1,1,RETIRED,"HUNTINGTON, NY","Albany, NY",ai
OPENTEXT,1,1,DIRECTOR,"SHARON, MA",,
OFTEN,1,1,CARDIOLOGY,"LAS VEGAS, NV",,
PBS&J,1,1,RETIRED,"WEST PALM BEACH, FL","Atlanta, GA",ai
NORCHAR,1,1,RETIRED,"NEW YORK, NY",,
OBXTEK,1,1,CONGRESSIONAL AFFAIRS,"WASHINGTON, DC","Vienna, VA",ai
NYRFP,1,1,LENDING,"NEW YORK, NY",,
NYPW,1,1,PHYSICIAN,"NEW ROCHELLE, NY",,
NYMC,1,1,PHYSICIAN,"ENGLEWOOD, NJ","Manhasset, NY",ai
NYLAG,1,1,LAWYER,"NEW YORK, NY","New York, NY",ai
NYBCOICF,1,1,MANAGER,"BAYSIDE, NY",,
FIRSTNAME,1,1,RETIRED,"BETHESDA, MD",,
MFP,1,1,MARKETING,"SAN MATEO, CA",,
METTEL,1,1,EXECUTIVE DIRECTOR,"NEW YORK, NY","Woburn, MA",ai
METROVAC,1,1,PRESIDENT/ CEO,"RIVER VALE, NJ","Manchester, NH",ai
METRO,1,1,SELF-EMPLOYED,"MERION STATION, PA",,
MERCURY,1,1,CO-CHAIRMAN,"RANCHO CUCAMONGA, CA","Dallas, TX",ai
HFA,1,1,PRESIDENT,"PHILADELPHIA, PA","Alexandria, VA",ai
HEYMAN,1,1,VICE CHAIRMAN- THE TRAVELERS COMPANIES,"NEW YORK, NY",,
HEWLETT,1,1,PHILANTHROPY,"SAN FRANCISCO, CA","Palo Alto, CA",ai
HENKEL,1,1,"SENIOR DIRECTOR, MARKETING","SHERMAN OAKS, CA","Springfield, MA",ai
HCMG,1,1,NURSING HOME ADMINISTRATOR,"CINCINNATI, OH",,
HCLA,1,1,IT,"REGO PARK, NY",,
HINSHAW,1,1,ATTORNEY,"WESTON, FL","Chicago, IL",ai
FINNEGAN,1,1,LAWYER,"AVENTURA, FL","Washington, DC",ai
FILMRISE,1,1,PRESIDENT,"BROOKLYN, NY",,
NVE,1,1,MARKETING,"LOS ANGELES, CA","Jacksonville, FL",ai
EXILARCH,1,1,EXECUTIVE,"LARCHMONT, NY",,
EXCELLUS,1,1,RETIRED,"WANTAGH, NY","Rochester, NY",ai
EVMAX,1,1,RETIRED,"SUNNY ISLES BEACH, FL","Buffalo Grove, IL",
ESP,1,1,PHYSICIAN,"DEERFIELD, IL",,
ERNEST,1,1,BUSINESS,"COMMERCE, CA",,
PAYCHEX,1,1,MARKETING,"BROOKEVILLE, MD","Rochester, NY",ai
PARRAGON,1,1,RETIRED,"SUFFERN, NY","Irvine, CA",
PARDES,1,1,EXECUTIVE,"WHITE PLAINS, NY","New York, NY",ai
PAM,1,1,STRATEGY CONSULTANT,"AVENTURA, FL",,
ELVENTS,1,1,GLOBAL HEAD OF EVENTS,"WATER MILL, NY",,
ELLIPSIS,1,1,CONSULTING / BOARD ADVISOR,"NEW YORK, NY",,
FHPS,1,1,TEACHER,"GRAND RAPIDS, MI",,
FGMC,1,1,LAWYER,"FRANKTOWN, CO",,
FFO,1,1,CPA,"VALLEY STREAM, NY",,
FFC,1,1,FRANCHISEE,"SHARON, MA","New York, NY",ai
FIS,1,1,ANALYST,"DALLAS, TX","Jacksonville, FL",ai
MEDPAC,1,1,RETIRED,"SILVER SPRING, MD","Washington, DC",ai
MEDNAX,1,1,PHYSICIAN,"SCOTTSDALE, AZ","Sunrise, FL",ai
MEDIFLIX,1,1,PRESIDENT,"PALM BEACH, FL",,
MDESIGN,1,1,HEAD OF DESIGN/CO-FOUNDER,"MORELAND HILLS, OH",,
MDA,1,1,MEDICAL DOCTOR,"HOUSTON, TX","Boulder, CO",ai
MCSO,1,1,MEDICAL DOCTOR,"GLENCOE, IL",,
MCPS,1,1,TEACHER,"POTOMAC, MD","Rockville, MD",ai
MHPP,1,1,RETIRED,"HOLLAND, MI",,
M-RETS,1,1,PRESIDENT & CEO,"EDINA, MN","Medina, OH",ai
LYFT,1,1,SOFTWARE ENGINEER,"NEPTUNE, NJ","San Francisco, CA",ai
PHCA,1,1,PEDIATRICIAN,"TAMPA, FL",,
PGP,1,1,BENEFITS CONSULTANT,"ROCKVILLE CENTRE, NY",,
PGCPS,1,1,SUB TEACHER,"CLINTON, MD","Upper Marlboro, MD",ai
PENZANCE,1,1,REAL ESTATE DEVELOPMENT,"BETHESDA, MD","New York, NY",ai
DP&F,1,1,LAWYER,"BERKELEY, CA",,
DOWNSTATE,1,1,OPHTHALMOLOGIST,"WOODMERE, NY",,
ERLANGER,1,1,PHYSICIAN,"CHATTANOOGA, TN","Cincinnati, OH",ai
EPSWCVS,1,1,RETIRED,"DUNCANVILLE, TX",,
PEETS,1,1,MANAGER,"CLOVIS, CA","Boston, MA",ai
PDIQ,1,1,FOUNDER,"SAN DIEGO, CA",,
PORTMAN,1,1,REAL ESTATE,"NEW YORK, NY",,
PNC,1,1,LOANS,"SHERMAN OAKS, CA","Pittsburgh, PA",ai
PML,1,1,CEO,"MAMARONECK, NY",,
PKFOD,1,1,CPA,"NAPLES, FL",,
PJCC,1,1,NONPROFIT JEWISH COMMUNITY,"SAN CARLOS, CA",,
EJDC,1,1,INTERPRETER,"LAS VEGAS, NV",,
ECKSTEIN,1,1,LAWYER,"NEW YORK, NY",,
EBM,1,1,PRESIDENT,"BETHESDA, MD",,
FCB,1,1,CREATIVE,"QUEENS VILLAGE, NY","New York, NY",ai
HILLDUN,1,1,FINANCE,"CHAPPAQUA, NY","New York, NY",ai
MAS,1,1,COMMODITY TRADER,"LEAWOOD, KS",,
MEDVAMC,1,1,PHYSICIAN,"HOUSTON, TX","Greensboro, NC",ai
RATNER,1,1,PRESIDENT,"MINNETONKA, MN",,
RAS,1,1,ATTORNEY,"BOCA RATON, FL",,
RAMS,1,1,DOCTOR,"HARRISON, NY","Los Angeles, CA",ai
RADNET,1,1,PHYSICIAN,"LOS ANGELES, CA","Newport Beach, CA",ai
QACC,1,1,OPERATOR,"LIDO BEACH, NY",,
DUPONT,1,1,RETIRED,"WILMINGTON, DE","Wilmington, DE",ai
DTNA,1,1,ENGINEER,"CHARLOTTE, NC","Portland, OR",ai
PIVOTSP,1,1,RECRUITER,"GREAT NECK, NY",,
PVH,1,1,HEAD OF INVESTOR RELATIONS,"NEW YORK, NY","New York, NY",ai
PUBLIX,1,1,RETIRED,"BOYNTON BEACH, FL","Lakeland, FL",ai
PSS,1,1,CEO,"ANNAPOLIS, MD",,
PROHEALTH,1,1,RETIRED,"OLD SAYBROOK, CT","Morris Plains, NJ",ai
DARTMOUTH,1,1,PROFESSOR,"NORWICH, VT","Hanover, NH",ai
DANBAR,1,1,OWNER,"NEW YORK, NY","New York, NY",ai
DOG,1,1,SOFTWARE ENGINEER,"NEW YORK, NY",,
DOCMJ,1,1,MEDICAL CANNABIS PHYSICIAN,"CLEARWATER, FL",,
MCK,1,1,CONSULTANT,"NEW YORK, NY","New York, NY",ai
MCH,1,1,PARTNER,"NEW YORK, NY",,
MCDONALDS,1,1,IT ANALYST,"LANSING, IL","Chicago, IL",ai
MCCSC,1,1,SUBSTITUTE TEACHER,"BLOOMINGTON, IN",,
MCCC,1,1,PROFESSOR,"BALA CYNWYD, PA",,
MBHB,1,1,LAWYER,"GLENCOE, IL","San Francisco, CA",ai
HAVAS,1,1,LAWYER,"WHITE PLAINS, NY","New York, NY",ai
HATCH,1,1,VICE PRESIDENT,"NEW YORK, NY","Burlington, MA",ai
HMFP,1,1,PHYSICIAN,"NEWTON CENTER, MA",,
HIRVEST,1,1,REAL ESTATE,"DALLAS, TX",,
MAGNET,1,1,INVESTOR,"MIAMI, FL","New York, NY",ai
MACYS,1,1,ANALYST,"TENAFLY, NJ","Cincinnati, OH",ai
DIVOTS,1,1,SALES,"DUNWOODY, GA","Lincoln, NE",ai
DHR,1,1,EXECUTIVE SEARCH,"LOS ANGELES, CA","Long Beach, CA",ai
DFAC,1,1,CPA,"BEVERLY HILLS, CA",,
PPLA,1,1,CONSULTANT,"LOS ANGELES, CA",,
CTCA,1,1,PHYSICIAN,"PARADISE VALLEY, AZ",,
RHH,1,1,IMPORTERS,"PALM BEACH GARDENS, FL",,
RET,1,1,GERIATRIC SOCIAL WORKER MSW,"HOUSTON, TX",,
RESIDENT,1,1,CEO,"ENCINO, CA",,
RENTIERT,1,1,BOOKBINDER,"EL CERRITO, CA",,
REMEDY,1,1,DOCTOR,"GRAND RAPIDS, MI",,
RCG,1,1,CEO,"GREENWICH, CT",,
CSMG,1,1,MEDICAL DOCTOR,"LOS ANGELES, CA",,
CSI,1,1,SALES,"PALO ALTO, CA",,
DECIPHER,1,1,CEO,"SAINT LOUIS, MO",,
DDG,1,1,PRESIDENT,"PORTLAND, OR","New York, NY",ai
RCBM,1,1,PHYSICIAN,"BLOOMFIELD HILLS, MI",,
RBC,1,1,BANKING,"NEW YORK, NY","New York, NY",manual
DNI,1,1,SALES,"REISTERSTOWN, MD",,
DLLP,1,1,ATTORNEY,"SCARSDALE, NY",,
LWHA,1,1,HOTELS,"TEANECK, NJ","Seattle, WA",ai
IBJ,1,1,RETIRED,"CARMEL, IN","Indianapolis, IN",ai
HVDDSO,1,1,MEDICAL DOCTOR,"RYE, NY",,
HSS,1,1,KNEE SURGEON,"NEW YORK, NY","Boston, MA",ai
HRHMG,1,1,PHYSICIAN,"MUKILTEO, WA",,
HRA-DSS,1,1,SOCIAL SERVICES ADMINISTRATION,"BRONX, NY",,
M13,1,1,CO-FOUNDER,"SANTA MONICA, CA","New York, NY",ai
IFG,1,1,MARKETING SPECIALIST,"CARMEL, IN",,
ROBELL,1,1,PRESIDENT,"NEW YORK, NY",,
RNC,1,1,FUNDRAISER,"WASHINGTON, DC","Washington, DC",ai
RJCC,1,1,MANAGER,"LOS ANGELES, CA",,
RISKSPAN,1,1,FINTECH,"TEANECK, NJ","Baltimore, MD",ai
RIPPLING,1,1,BIZOPS,"SAN FRANCISCO, CA","San Francisco, CA",ai
CONVERMAT,1,1,DIRECTOR,"BEVERLY HILLS, CA",,
CONFETT,1,1,RETIRED,"DALLAS, TX",,
DAMSKI,1,1,FINANCIAL ADVISOR,"CLIFTON, NJ",,
CVP,1,1,REAL ESTATE,"BALTIMORE, MD",,
SAFETECH,1,1,ENGINEER,"SPRING, TX",,
S-DOCS,1,1,TECHNOLOGY,"NEW YORK, NY",,
SEDGWICK,1,1,RETIRED,"AVENTURA, FL","New York, NY",
SDSU,1,1,RETIRED,"SACRAMENTO, CA","San Diego, CA",ai
RFG,1,1,INSURANCE AGENT,"EVANSTON, IL",,
RFA,1,1,MANAGING DIRECTOR,"CALABASAS, CA",,
RUSH,1,1,ATTORNEY,"SAN ANTONIO, TX","Chicago, IL",ai
RUDDELL,1,1,REAL ESTATE,"BIRMINGHAM, AL",,
RSI,1,1,RETIRED,"LAKEWOOD, NJ","Rolling Meadows, IL",
RSF,1,1,CEO,"SHERMAN OAKS, CA",,
RPS,1,1,RETIRED,"SCOTTSDALE, AZ","Chicago, IL",
CLASSIQ,1,1,BUSINESS DEVELOPMENT,"LAGRANGEVILLE, NY",,
CLARKSONS,1,1,INVESTMENT BANKER,"POMPANO BEACH, FL","New York, NY",ai
ROCHE,1,1,ATTORNEY,"BERKELEY, CA","South San Francisco, CA",ai
HIDROCK,1,1,INVESTMENTS,"NEW YORK, NY","Irvine, CA",ai
HHCMG,1,1,PHYSICIAN,"WEST HARTFORD, CT","Kansas City, MO",ai
CHOP,1,1,PHYISCIAN,"PHILADELPHIA, PA","Philadelphia, PA",ai
CHOF,1,1,PHYSICIAN,"NEWTON CENTER, MA",,
COMPANY,1,1,OTHER,"PLYMOUTH, MN",,
COLUMBUS,1,1,CEO,"SAN CARLOS, CA",,
COGNIZANT,1,1,SOLUTION OWNER,"CENTENNIAL, CO","Teaneck, NJ",ai
COFESTCO,1,1,CONSULTANT,"COLUMBIA, MD",,
CMS,1,1,LAWYER,"NORTH MIAMI BEACH, FL","Baltimore, MD",ai
CLTC,1,1,RETIRED,"SAN RAFAEL, CA",,
CRC,1,1,REAL ESTATE,"CALABASAS, CA",,
CRAFTY,1,1,SALES,"NEW YORK, NY",,
CPF,1,1,TEACHER,"WYNNEWOOD, PA",,
ROCHESTER,1,1,,"ROCHESTER, NY",,
SBLF,1,1,ATTORNEY,"FARMINGTON HILLS, MI",,
SBH,1,1,SOCIAL WORKER,"BROOKLYN, NY",,
SBA,1,1,STATE COORDINATOR,"MOUNT HOPE, WV","Washington, DC",ai
SALTESH,1,1,RETIRED,"STAMFORD, CT",,
LIBRA,1,1,CEO,"ARMONK, NY",,
LIBERTY,1,1,WHOLESALE,"BROOKLYN, NY",,
LHOIST,1,1,ENGINEER,"ATLANTA, GA","Atlanta, GA",ai
LUP,1,1,MARKETING,"CHICAGO, IL",,
LUMENT,1,1,REAL ESTATE,"NEW YORK, NY","Washington, DC",ai
LUCID,1,1,SOFTWARE ENGINEER,"FREMONT, CA","Newark, CA",ai
LSG,1,1,RETIRED,"MONROE TOWNSHIP, NJ",,
MARSHALLS,1,1,BACKROOM,"CLIFTON PARK, NY","Framingham, MA",ai
MANIV,1,1,EXECUTIVE,"WESTWOOD, NJ","Los Angeles, CA",ai
LMG,1,1,ATTORNEY,"WASHINGTON, DC",,
SDA,1,1,DENTIST,"COLUMBIA, SC",,
SCS,1,1,COMPUTER PROGRAMMER,"BETHLEHEM, PA",,
SCRRA,1,1,RETIRED,"SACRAMENTO, CA","Los Angeles, CA",ai
SCP,1,1,PSYCHIATRIST,"PROVIDENCE, RI",,
SCIENTIST,1,1,RETIRED,"SAN DIEGO, CA",,
CHROMADEX,1,1,CEO,"LOS ANGELES, CA","Las Vegas, NV",ai
CIR,1,1,DIGITAL ORGANIZER,"AUSTIN, TX",,
CHSLI,1,1,PHYSICIAN,"GREAT NECK, NY","Hicksville, NY",ai
SCHONFELD,1,1,PORTFOLIO MANAGER,"PORT WASHINGTON, NY","New York, NY",ai
SCHECHTER,1,1,CEO,"BLOOMFIELD HILLS, MI",,
SGUS,1,1,WATCHMAKER,"SEATTLE, WA",,
SFHI,1,1,MEDICAL DOCTOR,"NORTH MIAMI BEACH, FL","Costa Mesa, CA",ai
SEYFARTH,1,1,ATTORNEY,"CHICAGO, IL","Chicago, IL",ai
SETNA,1,1,CEO,"GLENCOE, IL",,
SEPF,1,1,ATTORNEY,"BOCA RATON, FL",,
SEMRUSH,1,1,SALES,"BOCA RATON, FL","Boston, MA",ai
SHVI,1,1,DOCTOR,"CHARLOTTE, NC",,
SHUSHANA,1,1,REAL ESTATE INVESTOR AND DEVELOPER,"NEW YORK, NY",,
SHOWPLACE,1,1,MANAGER,"FLUSHING, NY",,
SHOWD.ME,1,1,SOFTWARE DEVELOPER,"FAR ROCKAWAY, NY",,
SDG&E,1,1,BUSINESS MANAGER,"SAN DIEGO, CA","San Diego, CA",ai
SDG,1,1,PHYSICIAN,"CEDARHURST, NY",,
HPS,1,1,ACCOUNT MANAGER,"CHERRY HILL, NJ",,
HPR,1,1,APPLICATION ENGINEER,"BRIGHTON, MA",,
IMD,1,1,CHAIRMAN,"BEVERLY HILLS, CA",,
IMCD,1,1,RETIRED,"IRVINE, CA","Lake Success, NY",ai
IKC,1,1,SALES,"CARMEL, IN",,
KMP,1,1,FAB,"PEPPER PIKE, OH",,
KLNF,1,1,LAWYER,"POUND RIDGE, NY",,
SHEPPARD,1,1,ATTORNEY,"LOS ANGELES, CA",,
SHAW,1,1,CONTRACTOR,"BATON ROUGE, LA","Dallas, TX",ai
CFC,1,1,PHYSICIAN,"CORONA, CA",,
CEDARS,1,1,PHYSICIAN,"LOS ANGELES, CA",,
CJSSF,1,1,DIRECTOR,"SAN FRANCISCO, CA",,
CJFS,1,1,CARE MANAGER,"MOUNTAIN BROOK, AL","Massillon, OH",ai
CITYPAC,1,1,POLITICAL ACTION COMMITTEE,"HIGHLAND PARK, IL",,
CITIZENS,1,1,COMMODITY SOLUTIONS,"HOUSTON, TX","Providence, RI",ai
CISCO,1,1,RETIRED,"LOS ALTOS, CA","San Jose, CA",ai
SHAPCO,1,1,CO CHAIRMAN OF THE BOARD,"SHERMAN OAKS, CA","Tucson, AZ",ai
SHALHEVET,1,1,TEACHER,"LOS ANGELES, CA","Van Nuys, CA",ai
SH&A,1,1,MERGERS & ACQUISITIONS,"LOS ANGELES, CA",,
SKYLIGHT,1,1,MANAGEMENT,"MIAMI BEACH, FL","Wilmington, DE",ai
SKM,1,1,ATTORNEY,"BROOKLINE, MA","San Diego, CA",ai
SKDK,1,1,ADVERTING,"WASHINGTON, DC","Washington, DC",ai
SKAC,1,1,CPA,"LOS ANGELES, CA",,
SIRM,1,1,PHYSICIAN,"BLOOMFIELD HILLS, MI",,
SIMPLIGOV,1,1,EXECUTIVE CHAIRMAN,"MILL VALLEY, CA","Oakland, CA",ai
SIFMA,1,1,CFO,"NEW ROCHELLE, NY","New York, NY",ai
SHHC,1,1,REGISTERED NURSE,"SALEM, MA",,
SHERIDAN,1,1,RETIRED,"GOLDEN BEACH, FL","New York, NY",ai
LIPPY,1,1,MEDICAL DOCTOR,"SHAKER HEIGHTS, OH",,
LINKSYS,1,1,TECHNOLOGY,"SAN JOSE, CA","Irvine, CA",ai
LINDEN,1,1,INVESTOR,"CHICAGO, IL","Chicago, IL",
LIFETOWN,1,1,EXECUTIVE DIRECTOR,"NEW ALBANY, OH",,
SSLMI,1,1,ATTORNEY,"WASHINGTON, DC",,
SS&C,1,1,SOFTWARE ENGINEER,"NEWTON, MA","Windsor, CT",ai
CAM,1,1,,"WEST HOLLYWOOD, CA",,
CALTRANS,1,1,RETIRED,"WOODLAND HILLS, CA","SACRAMENTO, CA",ai
CCTL,1,1,HOMEMAKER,"ARROYO GRANDE, CA",,
SNEC,1,1,RETIRED,"WEST HARTFORD, CT",,
SMF,1,1,VIDEO,"OCEAN, NJ",,
SLHS,1,1,DOCTOR,"OVERLAND PARK, KS",,
CCD,1,1,PHYSICIAN,"DENVER, CO",,
CCAC,1,1,TEACHER,"PITTSBURGH, PA",,
CCA,1,1,CONSULTANT,"SAN RAFAEL, CA",,
CHERRE,1,1,DATA SCIENTIST,"NEW YORK, NY","New York, NY",ai
CHERNOMOR,1,1,ANALYST,"NEWTON, MA",,
CHAPMAN,1,1,ATTORNEY,"WEST HEMPSTEAD, NY",,
CGI,1,1,NETWORK ENGINEER,"PHOENIX, AZ","New York, NY",ai
CFCPAPC,1,1,CPA,"SAN ANTONIO, TX",,
LEC,1,1,TEACHER,"HOLLYWOOD, FL",,
LDA,1,1,OWNER,"LAS VEGAS, NV",,
LAZARD,1,1,BANKER,"NEW YORK, NY","New York, NY",ai
LASS,1,1,RETIRED,"BATON ROUGE, LA",,
LAPL,1,1,CYBERNAUT,"LOS ANGELES, CA","Los Angeles, CA",ai
LANSDALE,1,1,PRESIDENT,"PHOENIX, AZ",,
LANDMARK,1,1,REGIONAL MANAGER,"HILLSBOROUGH, NJ",,
LANDLORD,1,1,SELF-EMPLOYED,"SAN RAFAEL, CA",,
LAJH,1,1,PHYSICIAN,"ENCINO, CA",,
KSOSN,1,1,PHYSICIAN,"LAS VEGAS, NV",,
KSDS,1,1,MUSIC DIRECTOR,"BALTIMORE, MD",,
SLATEWELL,1,1,FOUNDER,"BROOKLYN, NY",,
STARFIELD,1,1,PHYSICIAN,"STUDIO CITY, CA",,
STAPLES,1,1,TECHNICAL SUPPORT,"HAVANA, FL","Framingham, MA",ai
STAMFORD,1,1,TEACHER,"NORWALK, CT",,
STAGWELL,1,1,MARKETING,"WASHINGTON, DC","New York, NY",ai
SULTAN,1,1,FINANCE,"NEW YORK, NY",,
SUBWAY,1,1,OWNER,"NEW ALBANY, OH","Milford, CT",ai
CCF,1,1,PHYSICIAN,"BEACHWOOD, OH",,
CCEC,1,1,PHYSICIAN,"CHADDS FORD, PA",,
SPOTON,1,1,CHIEF INNOVATION OFFICER,"MIAMI BEACH, FL",,
STRIIM,1,1,BUSINESS,"NEW YORK, NY","Los Angeles, CA",ai
STRECO,1,1,PRESIDENT,"VIRGINIA BEACH, VA",,
STREAM,1,1,COMMERCIAL REAL ESTATE,"SURFSIDE, FL","Bala Cynwyd, PA",ai
STENSUL,1,1,CUSTOMER SUCCESS,"SCARSDALE, NY","Brooklyn, NY",ai
STARTUP,1,1,FOUNDER & CEO,"NEW YORK, NY",,
SYNCO,1,1,CEO,"STAMFORD, CT",,
SWRI,1,1,SYSTEM ADMIN,"SAN ANTONIO, TX","San Antonio, TX",ai
SWM,1,1,LAWYER,"MIAMI BEACH, FL",,
SLB,1,1,DATA ANALYST,"HOUSTON, TX","Houston, TX",ai
LEXUS,1,1,OWNER,"ALLENTOWN, PA","Torrance, CA",ai
LENDBUZZ,1,1,FINANCE,"SOMERVILLE, MA","Arlington, VA",ai
BMA,1,1,COUNSEL,"MIAMI, FL",,
CADRE,1,1,SCIENTIST,"SAINT LOUIS, MO","New York, NY",ai
BUNK,1,1,CEO,"NEW YORK, NY","New York, NY",ai
BTS,1,1,INVESTOR,"ENCINO, CA","Boston, MA",ai
BROOKS,1,1,EXECUTIVE,"DENVER, CO","Boise, ID",ai
SWIB,1,1,SR PM,"SKOKIE, IL","Madison, WI",ai
SWC,1,1,DIRECTOR,"SAN ANTONIO, TX",,
SWA,1,1,PILOT,"PALM HARBOR, FL","Des Moines, IA",ai
SVG,1,1,BUSINESS,"MIAMI BEACH, FL",,
BRINSHORE,1,1,REAL ESTATE,"HIGHLAND PARK, IL",,
BRI,1,1,PHYSICIAN,"MERCER ISLAND, WA",,
CASEYS,1,1,CASHIER,"BUENA VISTA, TN","Ankeny, IA",ai
CAPSTONE,1,1,CONSULTANT,"WASHINGTON, DC","Boston, MA",ai
CAP,1,1,PRESIDENT,"ATLANTA, GA",,
CANUS,1,1,RETIRED,"NEW YORK, NY",,
SUMMA,1,1,RETIRED,"BEXLEY, OH","Akron, OH",ai
KPR,1,1,REAL ESTATE,"NEW YORK, NY",,
ICC,1,1,MANAGEMENT,"SAN FRANCISCO, CA",,
IBYND,1,1,CEO,"ENGLEWOOD, NJ",,
IPRG,1,1,INVESTMENT SALES,"NEW YORK, NY",,
IP.COM,1,1,CO-FOUNDER & MANAGING MEMBER,"PITTSFORD, NY","Wilmington, DE",ai
INTREPID,1,1,BANKER,"LOS ANGELES, CA","New York, NY",ai
INSUR,1,1,RETIRED,"WARREN, NJ",,
INSTYMEDS,1,1,RETIRED,"MINNETONKA, MN","New York, NY",ai
J&J,1,1,SCIENTIST,"PROVIDENCE, RI","New Brunswick, NJ",ai
ITV,1,1,ENTERTAINMENT,"LOS ANGELES, CA",,
TCS,1,1,MANAGEMENT CONSULTANT,"NORTH ANDOVER, MA",,
TCG,1,1,COMMERCIAL REAL ESTATE,"BROOKLYN, NY","New York, NY",ai
TBG,1,1,OPERATIONAL STRATEGY,"CHICAGO, IL",,
TBFR,1,1,OWNER,"HOUSTON, TX",,
TAMID,1,1,CHIEF DEVELOPMENT OFFICER,"BOSTON, MA",,
TAMGE,1,1,RETIRED,"CUMBERLAND FORESIDE, ME",,
TMCC,1,1,RETIRED,"RENO, NV","Florham Park, NJ",ai
TWC,1,1,REAL ESTATE,"LOS ANGELES, CA","Wilmington, DE",ai
TACTIX,1,1,RE BROKER,"PHILADELPHIA, PA",,
SYNOPSYS,1,1,ENGINEER,"BOCA RATON, FL","Mountain View, CA",ai
TKE,1,1,SALES,"TAMPA, FL","Tampa, FL",ai
THCF,1,1,CHIROPRACTOR,"DAVIE, FL",,
THATCH,1,1,SALES,"WOODLAND HILLS, CA",,
TFPS,1,1,MEDICAL DOCTOR,"BOCA RATON, FL",,
TENS,1,1,TEACHER,"NEW YORK, NY",,
TRILLER,1,1,ENTREPRENEUR,"WOODLAND HILLS, CA","Beverly Hills, CA",ai
TRIGRAM,1,1,CONSULTANT,"SOUTH MIAMI, FL","Boston, MA",ai
TRF,1,1,RETIRED,"LANTANA, FL",,
TRENDERA,1,1,RESEARCH,"BEVERLY HILLS, CA","Memphis, TN",ai
TECHNOCON,1,1,MANUFACTURING,"SUNNY ISLES BEACH, FL",,
TECH,1,1,PROGRAM MANAGER,"NEW YORK, NY",,
KROGER,1,1,DATA QUALITY SPECIALIST,"CINCINNATI, OH","Cincinnati, OH",ai
BLUETENT,1,1,SALES,"MONKTON, MD","Washington, DC",ai
BLG,1,1,LAWYERING,"LOS ANGELES, CA",,
BLANK,1,1,FACULTY,"WOODMERE, NY",,
BILH,1,1,PHYSICIAN,"NEWTON CENTER, MA","Boston, MA",ai
BIGHAWK,1,1,MARKETING,"NEW YORK, NY",,
TREDWAY,1,1,AFFORDABLE HOUSING RE DEVELOPER,"LARCHMONT, NY",,
TPMB,1,1,LAWYER,"CHICAGO, IL",,
TOSCO,1,1,RETIRED,"TUCSON, AZ","Santa Monica, CA",ai
BETTERUP,1,1,SALES,"AUSTIN, TX","San Francisco, CA",ai
BREX,1,1,AMBASSADOR,"MIAMI, FL","Wilmington, DE",ai
BRAVEN,1,1,CEO,"LONG BEACH, CA","Boston, MA",ai
BRAMAN,1,1,CAR SALES,"PALM BEACH GARDENS, FL",,
BPI,1,1,ARCHITECT,"NEW YORK, NY",,
BPA,1,1,PHYSICIAN,"MELBOURNE BEACH, FL",,
BOSSWORKS,1,1,GROWTH,"PHILADELPHIA, PA",,
TORRECOM,1,1,INFRASTRUCTURE DEVELOPMENT AND OPERATI,"NEW YORK, NY","New York, NY",ai
TTEC,1,1,CEO,"GREENWOOD VILLAGE, CO","Brisbane, CA",ai
JVDEALS,1,1,MANAGER,"TENAFLY, NJ",,
JUF,1,1,RABBI,"CHICAGO, IL",,
KINGSTONE,1,1,EXECUTIVE,"HEWLETT, NY","Albany, NY",ai
KICORP,1,1,CHAIRMAN,"NEW YORK, NY","Kotzebue, AK",manual
KGPM,1,1,MANAGER,"SACRAMENTO, CA",,
KENMAR,1,1,FINANCE,"BRONX, NY","Beverly, MA",ai
KCU,1,1,PHYSICIAN,"KANSAS CITY, MO","Kinston, NC",ai
KTND,1,1,PHYSICIAN,"WILMINGTON, DE",,
JHW,1,1,INVESTOR,"GLADWYNE, PA",,
JHU,1,1,,"ARLINGTON, VA","Baltimore, MD",ai
TSS,1,1,ATTORNEY,"ROSLYN HEIGHTS, NY",,
TSPMG,1,1,MEDICAL DOCTOR,"ATLANTA, GA","Washington, DC",ai
TSMC,1,1,GOVERNMENT RELATIONS,"PHOENIX, AZ","San Jose, CA",ai
BBO,1,1,ATTORNEY,"AUBURNDALE, MA",,
BBG,1,1,EXECUTIVE,"LA JOLLA, CA",,
BAYNET,1,1,RETIRED,"LOS ALTOS, CA",,
BAYMARK,1,1,DOCTOR,"NEEDHAM, MA",,
BARONS,1,1,JEWELER,"DUBLIN, CA",,
BANFIELD,1,1,VETERINARIAN,"TAMPA, FL","Sacramento, CA",ai
TSI,1,1,PHYSICIAN,"ENCINO, CA","Rosemont, IL",ai
TSCG,1,1,REAL ESTATE,"ATLANTA, GA","Chicago, IL",ai
UNPPG,1,1,MANAGER,"MONSEY, NY",,
UMKC,1,1,PROFESSOR,"KANSAS CITY, MO","Kansas City, MO",ai
UDFD,1,1,DENTIST,"HORSHAM, PA",,
BACC,1,1,ADMINISTRATOR,"GREAT NECK, NY",,
BAC,1,1,,"SHORT HILLS, NJ","Charlotte, NC",ai
AXS,1,1,INVESTMENTS,"BEVERLY HILLS, CA","New York, NY",ai
BERDON,1,1,RETIRED,"SCARSDALE, NY","New York, NY",
BECKER,1,1,ATTORNEY,"TAMPA, FL",,
BCMONE,1,1,SALES,"PALM BAY, FL","Woodbury, NY",ai
TUTOR,1,1,PAYROLL ADMIN,"SAN FRANCISCO, CA",,
JHCN,1,1,RABBI,"WEST BLOOMFIELD, MI",,
JGB,1,1,INVESTOR,"WESTPORT, CT",,
KATTAN,1,1,LAWYER,"SCARSDALE, NY",,
KARMILY,1,1,SALES,"WOODMERE, NY",,
K&R,1,1,MANAGER,"STAMFORD, CT",,
INSPEECH,1,1,RETIRED,"ENCINO, CA","Brisbane, CA",
JAXXSNAX,1,1,CHIEF MARKETING OFFICER,"GREAT NECK, NY",,
JAMESTOWN,1,1,REAL ESTATE INVESTOR,"ATLANTA, GA","Atlanta, GA",manual
J2R,1,1,BUSINESS,"PEPPER PIKE, OH",,
JBS,1,1,FUND RAISING,"STAMFORD, CT","Greeley, CO",ai
UCOMS,1,1,MEDICAL DOCTOR,"NEW YORK, NY",,
VCU,1,1,ADMINISTRATOR,"CLOSTER, NJ","Richmond, VA",ai
USGOV,1,1,ADVISOR,"WASHINGTON, DC","Washington, DC",ai
USF,1,1,PHYSICIAN,"TAMPA, FL","Tampa, FL",ai
ARMSTRONG,1,1,SALES,"BATON ROUGE, LA","Lancaster, PA",ai
ARK,1,1,HEALTHCARE,"WOODMERE, NY","Portland, ME",ai
ASK,1,1,ATTORNEY,"SCARSDALE, NY","Melville, NY",ai
ARTIST,1,1,TEACHER,"KATONAH, NY",,
WBS,1,1,VICE PRESIDENT,"DAVIE, FL",,
BAML,1,1,WMA,"SOUTHAMPTON, NY","New York, NY",ai
UPFLEX,1,1,HEAD OF PARTNERSHIPS,"MIAMI BEACH, FL","Culver City, CA",ai
WARDHAW,1,1,LEGAL ADMIN,"WOODSIDE, NY",,
VTHS,1,1,TEACHER,"VALLEY VILLAGE, CA",,
VMY,1,1,REAL ESTATE,"PLANO, TX",,
VLC,1,1,ADMINISTRATOR,"SCARSDALE, NY",,
VIRGIN,1,1,BUSINESS AFFAIRS,"ENCINO, CA","San Francisco, CA",ai
VILLAGEMD,1,1,PHYSICIAN,"HOUSTON, TX","Greenwood Village, CO",ai
VETTED,1,1,SELF-EMPLOYED,"BAY HARBOR ISLANDS, FL",,
VERTEXT,1,1,RETIRED,"TEANECK, NJ",,
WESTCAP,1,1,FINANCE,"KATONAH, NY",,
WESTAT,1,1,VP TECHNOLOGY,"SILVER SPRING, MD","Rockville, MD",ai
BCG,1,1,CONSULTANT,"NEW ROCHELLE, NY","Boston, MA",ai
ANK,1,1,FINANCE,"BEDFORD, NY",,
WPI,1,1,EXECUTIVE,"BROOKLYN, NY","Worcester, MA",ai
WHARTON,1,1,REAL ESTATE,"EATONTOWN, NJ","Philadelphia, PA",ai
WGSN,1,1,SALES,"LOS ANGELES, CA","New York, NY",ai
YRA,1,1,PHYSICIAN,"LAKE FOREST, IL",,
YOGASPARK,1,1,FITNESS,"MAMARONECK, NY",,
YKLI,1,1,TEACHER,"VALLEY STREAM, NY",,
YBH,1,1,EXECUTIVE DIRECTOR,"MONSEY, NY",,
YANOW,1,1,SALES,"BROCKTON, MA",,
A.L.P,1,1,MANUFACTURING,"HIGHLAND PARK, IL",,
ADFAM,1,1,EXECUTIVE,"NEWTON, MA",,
WSI,1,1,ATTORNEY (GENERAL COUNSEL),"COSTA MESA, CA",,
WELLMEDFL,1,1,PHYSICIAN,"OLDSMAR, FL","Coral Springs, FL",ai
JRCO,1,1,DATABASE ADMINISTRATOR,"SAN DIEGO, CA",,
JLEC,1,1,ELECTRICAL CONSULTANT,"PARK RIDGE, NJ",,
JJF,1,1,CEO,"SAN RAFAEL, CA",,
ALLSTATE,1,1,PRODUCT MANAGEMENT,"BERKELEY, CA","Northbrook, IL",ai
ALF,1,1,FINANCE,"SAN JUAN, PR",,
AGP,1,1,GP,"EMERALD HILLS, CA",,
AGL,1,1,CEO,"ATLANTA, GA","Atlanta, GA",ai
AGDS,1,1,MEDICAL DOCTOR,"BURIEN, WA",,
ADMIN,1,1,RETIRED,"SUNNY ISLES BEACH, FL",,
AMPLIFY,1,1,VENTURE CAPITAL,"LOS ALTOS HILLS, CA","San Francisco, CA",ai
AMEDISYS,1,1,RETIRED,"CARMEL, IN","Carmel, IN",ai
WJCS,1,1,DIRECTOR OF MARKETING,"SCARSDALE, NY","Valley Stream, NY",ai
WJC,1,1,COMMUNITY SERVICE,"NEW YORK, NY",,
WITHERS,1,1,LAWYER,"NEW YORK, NY","New York, NY",ai
WINSTEAD,1,1,RETIRED,"HOUSTON, TX","Austin, TX",
WILLIAMS,1,1,EXECUTIVE ASSISTANT,"WASHINGTON, DC","Tulsa, OK",ai
WOMANKIND,1,1,PHYSICIAN,"SUMMERLAND KEY, FL",,
WMALA,1,1,PHYSICIAN,"BEVERLY HILLS, CA",,
AQR,1,1,FINANCE,"STAMFORD, CT","Greenwich, CT",ai
