employer_name,office_address,office_city,office_state,office_latitude,office_longitude,serves_metros,source_url,confidence
AIPAC,"110 E Broward Blvd, Suite 700",Fort Lauderdale,FL,26.1223084,-80.1433786,Weston FL,https://www.jewishgulfcoast.org/community-directory/aipac,high
AIPAC,"711 Third Ave, 12th Floor, New York, NY 10017",New York,NY,40.7127281,-74.0060152,New York NY; Wyckoff NJ; White Plains NY,https://www.yelp.com/biz/american-israel-public-affairs-committee-aipac-new-york,medium
AIPAC,"8 Greenway Plaza, Suite 1590, Houston, TX 77046",Houston,TX,29.7589382,-95.3676974,Houston TX; Bellaire TX,https://www.yelp.com/biz/american-israel-public-affairs-committee-houston,medium
AMAZON,"9336 W Washington Blvd, Culver City, CA 90232",Culver City,CA,34.0239414,-118.3934101,Los Angeles CA; Calabasas CA,https://business.culvercitychamber.com/list/member/amazon-studios-8001,high
AMAZON,"525 Market St, San Francisco, CA 94105",San Francisco,CA,37.7905075,-122.3991580,Walnut Creek CA; Mill Valley CA,https://downtownsf.org/go/amazon,high
AMAZON,"95 NW 29th St, Miami, FL 33127",Miami,FL,25.8039711,-80.1969951,Miami FL,https://floridayimby.com/2025/07/amazon-expands-footprint-at-wynwood-plaza-to-over-75000-square-feet.html,medium
AMAZON,"227 W Monroe St, Chicago, IL 60606",Chicago,IL,41.8802541,-87.6347335,Evanston IL; Skokie IL,https://www.builtinchicago.org/company/amazon/offices,high
AMAZON,"424 Fifth Avenue, New York, NY 10018",New York,NY,40.9175438,-73.8063710,New York NY; New Rochelle NY; Glen Rock NJ; Livingston NJ,https://en.wikipedia.org/wiki/Lord_&_Taylor_Building,medium
AMAZON,"2730 Sidney St, Pittsburgh, PA 15203",Pittsburgh,PA,40.4241466,-79.9603535,Pittsburgh PA,https://www.yellowpages.com/pittsburgh-pa/mip/amazon-pit-544634490,medium
AMAZON,"1400 S Eads St, Arlington, VA 22202",Arlington,VA,38.8604373,-77.0535452,Washington DC,https://www.arlingtoneconomicdevelopment.com/Locate-in-Arlington/Commercial-Development/Development-Summary-Listing-Directory-Folder/1400-S.-Eads-St.-Metropolitan-Park-Amazon-HQ2-Phase-I,high
BANK OF AMERICA,235 Woodbine St,Bergenfield,NJ,40.9166893,-74.0004438,Bergenfield NJ,https://locators.bankofamerica.com/nj/bergenfield/,high
BANK OF AMERICA,639 Route 18,East Brunswick,NJ,40.4337272,-74.3884749,Sayreville NJ,https://locators.bankofamerica.com/nj/eastbrunswick/financial-centers-east-brunswick-15020.html,high
BANK OF AMERICA,252 Rock Rd,Glen Rock,NJ,40.9623290,-74.1297790,Fair Lawn NJ,https://locators.bankofamerica.com/nj/glenrock/,high
BANK OF AMERICA,27 Beechwood Rd,Summit,NJ,40.7180419,-74.3574200,Short Hills NJ,https://locators.bankofamerica.com/nj/summit/financial-centers-summit-18156.html,high
BANK OF AMERICA,1 Flatbush Ave,Brooklyn,NY,40.6882763,-73.9801694,Brooklyn NY,https://locators.bankofamerica.com/ny/brooklyn/,high
BANK OF AMERICA,115 W 42nd St (One Bryant Park),New York,NY,40.7127281,-74.0060152,New York NY,https://locators.bankofamerica.com/ny/newyork/,high
CBRE,"1900 N Street NW, Suite 700",Washington,DC,38.8950982,-77.0363849,Washington DC,https://www.cbre.com/offices/corporate/washington-dc,high
CBRE,"401 E Las Olas Boulevard, Suite 1500",Fort Lauderdale,FL,26.1223084,-80.1433786,Fort Lauderdale FL,https://www.cbre.com/offices/corporate/fort-lauderdale,high
CBRE,"777 Brickell Avenue, Suite 1100",Miami,FL,25.7741566,-80.1935973,Miami Beach FL,https://www.cbre.com/offices/corporate/miami,high
CBRE,"3550 Lenox Road NE, Suite 2300",Atlanta,GA,33.7544657,-84.3898151,Atlanta GA,https://www.cbre.com/offices/corporate/atlanta,high
CBRE,"300 N LaSalle, Suite 600",Chicago,IL,41.8755616,-87.6244212,Northbrook IL,https://www.cbre.com/offices/corporate/chicago,high
CBRE,"250 Pehle Avenue, Suite 600",Saddle Brook,NJ,40.8989880,-74.0926418,Englewood NJ,https://www.cbre.com/offices/corporate/northern-new-jersey,high
CBRE,58 S Service Rd,Melville,NY,40.7823220,-73.4405086,Woodmere NY,https://www.cbre.com/offices/corporate/long-island,high
CBRE,200 Park Avenue,New York,NY,40.7536857,-73.9768917,New York NY,https://www.cbre.com/offices/corporate/new-york-city,high
CBRE,"One Oxford Centre, 301 Grant Street, 40th Floor",Pittsburgh,PA,40.4406968,-80.0025666,Pittsburgh PA,https://www.cbre.com/offices/corporate/pittsburgh,high
CBRE,"500 West 2nd Street, Suite 1700",Austin,TX,30.2711286,-97.7436995,Austin TX,https://www.cbre.com/offices/corporate/austin,high
COZEN OCONNOR,"Northbridge Centre, 515 N. Flagler Drive, Suite 700, West Palm Beach, FL 33401",West Palm Beach,FL,26.7153640,-80.0532942,Delray Beach FL; Highland Beach FL; Boca Raton FL,https://www.cozen.com/offices/west-palm-beach,high
COZEN OCONNOR,"150 S 5th St, Unit 1200, Minneapolis, MN 55402",Minneapolis,MN,44.9772995,-93.2654692,Saint Louis Park MN,https://www.cozen.com/offices/minneapolis,high
CUSHMAN & WAKEFIELD,"425 Market Street, Suite 2300",San Francisco,CA,37.7879363,-122.4075201,San Francisco CA,https://www.cushmanwakefield.com/en/united-states/offices,high
CUSHMAN & WAKEFIELD,"1 East Pratt Street, Suite 700",Baltimore,MD,39.2908816,-76.6107590,Baltimore MD,https://www.cushmanwakefield.com/en/united-states/offices/baltimore,high
CUSHMAN & WAKEFIELD,"2 Bethesda Metro Center, Suite 860",Bethesda,MD,38.9853110,-77.1538419,Potomac MD,https://www.cushmanwakefield.com/en/united-states/offices/bethesda,high
CUSHMAN & WAKEFIELD,"1 Meadowlands Plaza, 7th Floor",East Rutherford,NJ,40.8339890,-74.0970865,Tenafly NJ; Fort Lee NJ,https://www.cushmanwakefield.com/en/united-states/offices/east-rutherford,high
DENTONS,"2311 Highland Avenue South, Suite 500, Birmingham, AL 35205",Birmingham,AL,33.5206824,-86.8024326,Birmingham AL,https://profiles.superlawyers.com/alabama/birmingham/lawfirm/dentons-sirote/f1a307c6-ff87-4189-b99c-4f7578d584e8.html,high
DENTONS,"1900 K Street NW, Washington, DC 20006",Washington,DC,38.9020642,-77.0439126,Springfield VA,https://www.legal500.com/firms/895-dentons/c-united-states/contact,high
DENTONS,"233 South Wacker Drive, Suite 5900, Chicago, IL 60606",Chicago,IL,41.8755616,-87.6244212,Chicago IL; Highland Park IL,https://profiles.superlawyers.com/illinois/chicago/lawfirm/dentons-us-llp/873f1b1c-b9c0-4615-9b08-5d0f1ed38828.html,medium
GIBSON DUNN & CRUTCHER,"1700 M Street, N.W., Washington, D.C. 20036-4504",Washington,DC,38.8950982,-77.0363849,Chevy Chase MD; Arlington VA,https://www.gibsondunn.com/office/washington-dc/,high
GIBSON DUNN & CRUTCHER,"200 Park Avenue, New York, NY 10166-0193",New York,NY,40.7536135,-73.9765800,New York NY; Teaneck NJ; Jamaica NY; Greenwich CT; Larchmont NY,https://www.gibsondunn.com/office/new-york/,high
GIBSON DUNN & CRUTCHER,"2001 Ross Avenue, Suite 2100, Dallas, TX 75201-2923",Dallas,TX,32.7762719,-96.7968559,Dallas TX,https://www.gibsondunn.com/office/dallas/,high
GOLDMAN SACHS,"10100 Santa Monica Boulevard, Suite 2600",Los Angeles,CA,34.0536909,-118.2427660,Los Angeles CA; Pacific Palisades CA,https://www.goldmansachs.com/our-firm/locations.html,high
GOLDMAN SACHS,"200 South Biscayne Blvd., Suite 5300",Miami,FL,25.7741566,-80.1935973,Miami FL; Plantation FL,https://www.goldmansachs.com/our-firm/locations.html,high
GOLDMAN SACHS,"360 S Rosemary Ave, Suite 1200",West Palm Beach,FL,26.7153640,-80.0532942,Palm Beach FL,https://www.goldmansachs.com/our-firm/locations.html,high
GOLDMAN SACHS,"One Phipps Plaza, 3550 Peachtree Road NE, Suite 1000",Atlanta,GA,33.7544657,-84.3898151,Marietta GA,https://www.goldmansachs.com/our-firm/locations.html,high
GOLDMAN SACHS,"71 South Wacker Drive, Suite 1200",Chicago,IL,41.8755616,-87.6244212,Chicago IL; Glencoe IL,https://www.goldmansachs.com/our-firm/locations.html,high
GOLDMAN SACHS,"2001 Ross Avenue, Suite 2800",Dallas,TX,32.7878201,-96.7997546,Dallas TX,https://www.goldmansachs.com/our-firm/locations.html,high
GOLDMAN SACHS,"401 Union Street, Suite 3700",Seattle,WA,47.6038321,-122.3300620,Medina WA,https://www.goldmansachs.com/our-firm/locations.html,high
GOOGLE,"25 Massachusetts Ave NW, Washington, DC 20001",Washington,DC,38.8984492,-77.0103543,Potomac MD; Bethesda MD,https://about.google/locations/,high
GOOGLE,"320 N Morgan St Suite 600, Chicago, IL 60607",Chicago,IL,41.8755616,-87.6244212,Chicago IL; Deerfield IL,https://about.google/locations/,high
GOOGLE,"325 Main Street, Cambridge, MA 02142",Cambridge,MA,42.3628046,-71.0867476,Cambridge MA; Newton MA,https://about.google/locations/,high
GOOGLE,"111 8th Ave, New York, NY 10011",New York,NY,40.7417176,-74.0041592,New York NY; Teaneck NJ; Flushing NY; Stamford CT; Riverside CT,https://about.google/locations/,high
GOOGLE,"6425 Penn Ave, Pittsburgh, PA 15206",Pittsburgh,PA,40.4567017,-79.9160574,Pittsburgh PA,https://about.google/locations/,high
GOOGLE,"1021 Valley St, Seattle, WA 98109",Seattle,WA,47.6258165,-122.3355519,Mercer Island WA,https://about.google/locations/,medium
GREENBERG TRAURIG,"1840 Century Park East, Suite 1900, Los Angeles, CA 90067",Los Angeles,CA,34.0536909,-118.2427660,Los Angeles CA; Santa Monica CA; Sherman Oaks CA,https://www.gtlaw.com/en/locations,high
GREENBERG TRAURIG,"Terminus 200, 3333 Piedmont Road NE, Suite 2500, Atlanta, GA 30305",Atlanta,GA,33.7544657,-84.3898151,Atlanta GA,https://www.gtlaw.com/en/locations,high
GREENBERG TRAURIG,"360 North Green Street, Suite 1300, Chicago, IL 60607",Chicago,IL,41.8755616,-87.6244212,Chicago IL; Highland Park IL,https://www.gtlaw.com/en/locations,high
GREENBERG TRAURIG,"One Vanderbilt Avenue, New York, NY 10017",New York,NY,40.7546620,-73.9767507,Teaneck NJ,https://www.gtlaw.com/en/locations,high
GREENBERG TRAURIG,"1 North Lexington Avenue, Suite 800, White Plains, NY 10601",White Plains,NY,41.0339862,-73.7629097,White Plains NY; Larchmont NY; Darien CT,https://www.gtlaw.com/en/locations/westchester-county,high
GREENBERG TRAURIG,"1717 Arch Street, Suite 400, Philadelphia, PA 19103",Philadelphia,PA,39.9527237,-75.1635262,Philadelphia PA,https://www.gtlaw.com/en/locations,high
GREENBERG TRAURIG,"300 West 6th Street, Suite 2050, Austin, TX 78701",Austin,TX,30.2711286,-97.7436995,Austin TX,https://www.gtlaw.com/en/locations,high
HCA,"20900 Biscayne Blvd, Aventura, FL 33180",Aventura,FL,25.9699925,-80.1450406,Aventura FL,https://www.hcafloridahealthcare.com/locations/aventura-hospital/about-us/contact-us,high
HCA,"3476 S University Dr, Davie, FL 33328",Davie,FL,26.0754636,-80.2512812,Pembroke Pines FL,https://www.hcafloridahealthcare.com/locations/university-hospital/about-us/contact-us,high
HCA,"8201 W Broward Blvd, Plantation, FL 33324",Plantation,FL,26.1206570,-80.2610800,Plantation FL,https://www.hcafloridahealthcare.com/locations/westside-hospital/about-us/contact-us,high
HCA,"4700 Waters Ave, Savannah, GA 31404",Savannah,GA,32.0295921,-81.0891887,Savannah GA,https://www.memorialhealth.com/locations/memorial-health-university-medical-center,high
HCA,"7700 Floyd Curl Drive, San Antonio, TX 78229",San Antonio,TX,29.5084345,-98.5719332,San Antonio TX,https://www.sahealth.com/locations/methodist-hospital,medium
HCA,"1602 Skipwith Rd, Richmond, VA 23229",Richmond,VA,37.6033020,-77.5414808,Glen Allen VA,https://www.hcavirginia.com/locations/henrico-doctors-hospital/about-us/contact-us,medium
JLL,"515 S Flower St, Suite 1300",Los Angeles,CA,34.0536909,-118.2427660,Los Angeles CA,https://www.jll.com/en-us/insights/a-new-chapter-at-515-flower-street-jlls-downtown-office-transformation,high
JLL,"4727 Executive Drive, 11th Floor (La Jolla Commons III, UTC)",San Diego,CA,32.7174202,-117.1627720,San Diego CA,https://www.jll.com/en-us/newsroom/jll-to-relocate-in-san-diego-california-signs-new-lease-in-utc-submarket,high
JLL,"1450 Brickell Ave, Suite 2110",Miami,FL,25.7741566,-80.1935973,Miami FL,https://www.loopnet.ca/company/jll/7csy5szl/,medium
JLL,"3344 Peachtree Rd NE, Suite 1200",Atlanta,GA,33.8470237,-84.3686257,Atlanta GA,https://www.midtownatl.com/go/jones-lang-lasalle,high
JLL,"200 E Randolph Dr, Chicago, IL 60601",Chicago,IL,41.8845960,-87.6203920,Chicago IL,https://www.yelp.com/biz/jll-chicago-2,medium
JLL,"250 Nicollet Mall, Suite 1000 (RBC Gateway)",Minneapolis,MN,44.9772995,-93.2654692,Orono MN,https://www.uproperties.com/jll-selects-united-properties-rbc-gateway-for-new-minneapolis-office/,high
JPMORGAN CHASE,2029 Century Park East,Los Angeles,CA,34.0587251,-118.4130578,Los Angeles CA; Beverly Hills CA; Van Nuys CA,https://privatebank.jpmorgan.com/nam/en/locations/united-states/california/los-angeles,high
JPMORGAN CHASE,875 15th St NW,Washington,DC,38.9010504,-77.0335326,Washington DC; Potomac MD,https://www.jpmorganchase.com/newsroom/press-releases/2022/opens-new-regional-headquarters,high
JPMORGAN CHASE,3825 PGA Blvd,Palm Beach Gardens,FL,26.8404755,-80.1824281,Juno Beach FL,https://wealthpartners.jpmorgan.com/palm-beach-gardens-(divosta-towers),high
JPMORGAN CHASE,10 South Dearborn Street,Chicago,IL,41.8814766,-87.6301311,Chicago IL; Glencoe IL,https://privatebank.jpmorgan.com/nam/en/locations/united-states/illinois/chicago,high
JPMORGAN CHASE,1111 Polaris Parkway,Columbus,OH,40.1411401,-82.9962413,Columbus OH,https://www.jpmorganchase.com/newsroom/press-releases/2023/ohio-headquarters-renovation,high
KATTEN MUCHIN ROSENMAN LLP,"300 Spectrum Center Dr, Suite 1090, Irvine, CA 92618-4992",Irvine,CA,33.6856969,-117.8259810,Irvine CA,https://katten.com/orange-county,high
KATTEN MUCHIN ROSENMAN LLP,"2121 Avenue Of The Stars, Suite 1100, Los Angeles, CA 90067-5010",Los Angeles,CA,34.0536909,-118.2427660,Los Angeles CA,https://katten.com/los-angeles,high
KATTEN MUCHIN ROSENMAN LLP,"1919 Pennsylvania Ave., N.W., Suite 800, Washington, DC 20006-3404",Washington,DC,38.8950982,-77.0363849,Arlington VA,https://katten.com/locations,high
KATTEN MUCHIN ROSENMAN LLP,"50 Rockefeller Plaza, New York, NY 10020-1605",New York,NY,40.7592523,-73.9784544,Scarsdale NY; Englewood NJ; Port Washington NY,https://katten.com/locations,high
KIRKLAND & ELLIS LLP,"2049 Century Park East, Suite 3700, Los Angeles, CA 90067",Los Angeles,CA,34.0536909,-118.2427660,Los Angeles CA,https://www.kirkland.com/offices,high
KIRKLAND & ELLIS LLP,"1301 Pennsylvania Avenue, N.W., Washington, D.C. 20004",Washington,DC,38.8950982,-77.0363849,Washington DC; Silver Spring MD,https://www.kirkland.com/offices,high
KIRKLAND & ELLIS LLP,"830 Brickell Plaza, Miami, FL 33131",Miami,FL,25.7660038,-80.1924327,Miami FL,https://www.kirkland.com/offices,high
KIRKLAND & ELLIS LLP,"200 Clarendon Street, Boston, MA 02116",Boston,MA,42.3491677,-71.0751240,Boston MA,https://www.kirkland.com/offices,medium
KIRKLAND & ELLIS LLP,"601 Lexington Avenue, New York, NY 10022",New York,NY,40.7587794,-73.9704834,New York NY; Mamaroneck NY; Englewood NJ; Sands Point NY; Scarsdale NY; New Rochelle NY,https://www.kirkland.com/offices,high
LATHAM & WATKINS,"355 South Grand Avenue, Suite 400, Los Angeles, CA 90071",Los Angeles,CA,34.0536909,-118.2427660,Los Angeles CA,https://www.lw.com/en/offices,high
LATHAM & WATKINS,"10250 Constellation Blvd., Suite 1100, Los Angeles, CA 90067",Los Angeles,CA,34.0536909,-118.2427660,Manhattan Beach CA,https://www.lw.com/en/offices,high
LATHAM & WATKINS,"555 Eleventh Street, NW, Suite 1000, Washington, D.C. 20004",Washington,DC,38.8950982,-77.0363849,Washington DC; Bethesda MD,https://www.lw.com/en/offices,high
LATHAM & WATKINS,"330 North Wabash Avenue, Suite 2800, Chicago, IL 60611",Chicago,IL,41.8755616,-87.6244212,Chicago IL; Highland Park IL,https://www.lw.com/en/offices,high
MCDERMOTT WILL & EMERY LLP,"2049 Century Park East, Suite 3200",Los Angeles,CA,34.0536909,-118.2427660,Los Angeles CA,https://www.mcdermottlaw.com/locations/,high
MCDERMOTT WILL & EMERY LLP,"333 SE 2nd Avenue, Suite 4500",Miami,FL,25.7741566,-80.1935973,Miami Beach FL,https://www.mcdermottlaw.com/locations/,high
MCDERMOTT WILL & EMERY LLP,One Vanderbilt Avenue,New York,NY,40.6798048,-73.9680927,New York NY; Roslyn NY; Summit NJ,https://www.mcdermottlaw.com/locations/,high
MCDERMOTT WILL & EMERY LLP,"2801 North Harwood Street, Suite 2600",Dallas,TX,32.7762719,-96.7968559,Frisco TX; Dallas TX,https://www.mcdermottlaw.com/locations/,high
MORGAN STANLEY,"2398 E Camelback Rd, Suite 800",Phoenix,AZ,33.4484367,-112.0741410,Phoenix AZ,https://www.yelp.com/biz/morgan-stanley-phoenix-phoenix,high
MORGAN STANLEY,"9665 Wilshire Blvd, Suite 600",Beverly Hills,CA,34.0696501,-118.3963062,Beverly Hills CA,https://www.yelp.com/biz/morgan-stanley-beverly-hills-2,high
MORGAN STANLEY,"2141 Rosecrans Ave, Suite 3100",El Segundo,CA,33.9170280,-118.4156337,Hermosa Beach CA,https://advisor.morganstanley.com/manhattan-beach-branch,high
MORGAN STANLEY,"1999 Avenue of the Stars, Suite 2400",Los Angeles,CA,34.0536909,-118.2427660,Los Angeles CA,https://www.storeshours.com/morgan-stanley/california/los-angeles/avenueofthestarsste,high
MORGAN STANLEY,"245 Lytton Ave, Suite 200",Palo Alto,CA,37.4443293,-122.1598465,Palo Alto CA,https://www.yelp.com/biz/morgan-stanley-palo-alto,high
MORGAN STANLEY,"100 Wilshire Blvd, Suite 1900",Santa Monica,CA,34.0194704,-118.4912270,Pacific Palisades CA,https://www.yelp.com/biz/morgan-stanley-santa-monica,high
MORGAN STANLEY,"15260 Ventura Blvd, Suite 1900",Sherman Oaks,CA,34.1508718,-118.4489860,Encino CA,https://www.yelp.com/biz/morgan-stanley-legacy-wealth-management-of-southern-california-sherman-oaks,high
MORGAN STANLEY,"1333 N California Blvd, Suite 133",Walnut Creek,CA,37.9020731,-122.0618702,Alamo CA,https://www.yelp.com/biz/morgan-stanley-walnut-creek,high
MORGAN STANLEY,"100 N Westlake Blvd, Suite 200",Westlake Village,CA,34.1460234,-118.8061794,Oak Park CA,https://advisor.morganstanley.com/westlake-village-branch,medium
MORGAN STANLEY,112 Worcester St,Wellesley,MA,42.3147322,-71.2372444,Sharon MA,https://www.local.com/business/details/wellesley-MA/matthew-reilly--morgan-stanley-149052906/,high
OPTUM,4730 E Grant Rd,Tucson,AZ,32.2505678,-110.8919617,Tucson AZ,https://www.optum.com/en/care/facilities/az/optum-primary-care-east-grant-12016_AZ_6.html,high
OPTUM,6226 E Spring St Ste 100,Long Beach,CA,33.7690164,-118.1916040,Paramount CA,https://www.optum.com/en/care/facilities/ca/long-beach/6226-e-spring-st.html,high
OPTUM,6800 W 115th St Ste 600,Overland Park,KS,38.9742502,-94.6851702,Overland Park KS,https://www.healthgrades.com/pharmacy/optumrx-inc-pbus7k,medium
OPTUM,"One Penn Plaza, Fl 8",New York,NY,40.7127281,-74.0060152,White Plains NY; Valley Stream NY; Bronx NY,https://opengovny.com/corporation/1403870,medium
OPTUM,1200 112th Ave NE Ste C160,Bellevue,WA,47.6144219,-122.1923370,Bellevue WA; Mercer Island WA,https://www.optum.com/locations-nav/locations/ocwa/optum-eastside-1200-112th-ave-ne-ste-c160-bellevue-wa-98004/DMC94068442.html,high
RAYMOND JAMES,"9595 Wilshire Blvd, Suite 801",Beverly Hills,CA,34.0696501,-118.3963062,Los Angeles CA,https://www.raymondjames.com/beverlyhills-branch/contact-us,high
RAYMOND JAMES,"325 N Old Woodward, Suite 320",Birmingham,MI,42.5467012,-83.2113192,Birmingham MI,https://www.raymondjames.com/birmingham-branch/contact-us,high
RAYMOND JAMES,"61 South Paramus Road, Suite 360",Paramus,NJ,40.9156597,-74.0550175,Englewood NJ,https://www.raymondjames.com/paramus-branch,high
RAYMOND JAMES,320 Park Ave,New York,NY,40.7575952,-73.9739924,New York NY; New Rochelle NY,https://www.raymondjames.com/manhattan-branch/contact-us,high
RAYMOND JAMES,"92 Lancaster Avenue, Suite 205",Devon,PA,40.0492751,-75.4290819,Bryn Mawr PA,https://www.raymondjames.com/devon-branch,high
RAYMOND JAMES,"11400 Parkside Dr, Suite 200",Knoxville,TN,35.9603948,-83.9210261,Knoxville TN,https://www.raymondjames.com/knoxville-branch/contact-us,high
RAYMOND JAMES,1389 Center Dr,Park City,UT,40.6460921,-111.4979963,Park City UT,https://indyfin.com/financial-firm-branches/raymond-james-149018/utah/park-city/advisors/,medium
STIFEL FINANCIAL,"3835 PGA Blvd., Suite 701, Palm Beach Gardens, FL 33410",Palm Beach Gardens,FL,26.8233946,-80.1386547,Palm Beach Gardens FL; Jupiter FL,https://www.pbmstifel.com/contact.htm,medium
STIFEL FINANCIAL,"9401 Indian Creek Parkway, Suite 1100, Overland Park, KS 66210",Overland Park,KS,38.9742502,-94.6851702,Shawnee Mission KS,https://www.seniorfinanceadvisor.com/firm_locations/ks/overland-park/stifel-nicolaus-company-incorporated/9401-indian-creek-parkway,high
STIFEL FINANCIAL,"1414 Raleigh Rd., Suite 208, Chapel Hill, NC 27517",Chapel Hill,NC,35.9131542,-79.0557800,Chapel Hill NC,https://www.thefoundersgroup-stifel.com/contact.htm,high
STIFEL FINANCIAL,"433 Hackensack Avenue, Hackensack, NJ 07601",Hackensack,NJ,40.9084407,-74.0328525,Englewood NJ,https://www.seniorfinanceadvisor.com/firm_locations/nj/hackensack/stifel-nicolaus-company-incorporated/433-hackensack-avenue,high
STIFEL FINANCIAL,"107 Spring Street, Suite 100, Ramsey, NJ 07446",Ramsey,NJ,41.0573188,-74.1409771,Franklin Lakes NJ,https://www.seniorfinanceadvisor.com/firm_locations/nj/ramsey/stifel-nicolaus-company-incorporated/107-spring-street,medium
STIFEL FINANCIAL,"5784 Widewaters Parkway, DeWitt, NY 13214",DeWitt,NY,43.0465866,-76.0618643,Syracuse NY,https://www.waze.com/live-map/directions/us/ny/de-witt/stifel?to=place.ChIJBQe1_EGN2YkRBxyes0rzwVY,high
UBS,"1999 Avenue of the Stars, Suite 3600",Los Angeles,CA,34.0536909,-118.2427660,Los Angeles CA,https://local.ubs.com/century-city-ca/contact.htm,high
UBS,"4225 Ponce de Leon Boulevard, Coral Gables, FL 33146",Coral Gables,FL,25.7322644,-80.2581367,Pinecrest FL,https://www.ubs.com/locations/united-states/coral-gables/550-biltmore-way/ubs-financial-services-inc-private-wealth-management-842.html,medium
UBS,"401 E Las Olas Blvd, Suite 2300, Las Olas Centre",Fort Lauderdale,FL,26.1223084,-80.1433786,Davie FL,https://local.ubs.com/ft-lauderdale-fl/contact.htm,high
UBS,"1010 S Federal Highway, Suite 2601",Hallandale Beach,FL,25.9812025,-80.1483790,Sunny Isles Beach FL,https://local.ubs.com/aventura-fl/contact.htm,high
UBS,"100 SE 2nd Street, Suite 2500",Miami,FL,25.7741566,-80.1935973,Miami Beach FL,https://local.ubs.com/miami-fl/,high
UBS,"One Northbrook Place, 5 Revere Drive",Northbrook,IL,42.1287040,-87.8265089,Highland Park IL,https://local.ubs.com/northbrook-il/,high
UBS,"7250 Dallas Parkway, Suite 1200",Plano,TX,33.0136764,-96.6925096,Plano TX,https://local.ubs.com/plano-tx-pe/,high
UBS,"38 Eastwood Drive, Suite 400",South Burlington,VT,44.4642957,-73.1762730,Stowe VT,https://local.ubs.com/burlington-vt-hj/contact.htm,high
UBS FINANCIAL SERVICES INC,"1800 North Military Trail, Suite 300, Boca Raton, FL 33431",Boca Raton,FL,26.3586885,-80.0830984,Boca Raton FL,https://www.ubs.com/locations/united-states/boca-raton/1800-north-military-trail/ubs-financial-services-inc-816.html,high
UBS FINANCIAL SERVICES INC,"One Northbrook Place, 5 Revere Drive, Northbrook, IL 60062",Northbrook,IL,42.1287040,-87.8265089,Highland Park IL,https://local.ubs.com/northbrook-il/,high
UBS FINANCIAL SERVICES INC,"500 East Pratt Street, 11th Floor, Baltimore, MD 21202",Baltimore,MD,39.2908816,-76.6107590,Baltimore MD,https://www.ubs.com/locations/united-states/baltimore/500-east-pratt-street/ubs-financial-services-inc-502.html,high
UBS FINANCIAL SERVICES INC,"8500 Normandale Lake Boulevard, Suite 210, Bloomington, MN 55437",Bloomington,MN,44.8322405,-93.3204872,Edina MN,https://www.ubs.com/locations/united-states/bloomington/8500-normandale-lake-boulevard/ubs-financial-services-inc-1160.html,high
UBS FINANCIAL SERVICES INC,"80 South 8th Street, Suite 2900, Minneapolis, MN 55402",Minneapolis,MN,44.9772995,-93.2654692,Golden Valley MN,https://local.ubs.com/minneapolis-mn-7a/contact.htm,high
UBS FINANCIAL SERVICES INC,"6100 Fairview Road, Suite 900, Charlotte, NC 28210",Charlotte,NC,35.2272086,-80.8430827,Charlotte NC,https://www.ubs.com/locations/united-states/charlotte/6100-fairview-road/ubs-financial-services-inc-868.html,high
WELLS FARGO ADVISORS,"18700 N Hayden Rd, Suite 525",Scottsdale,AZ,33.4942189,-111.9260180,Scottsdale AZ,https://home.wellsfargoadvisors.com/001_PAZ4,high
WELLS FARGO ADVISORS,"433 N Camden Dr, 9th Floor",Beverly Hills,CA,34.0696501,-118.3963062,Beverly Hills CA,https://home.wellsfargoadvisors.com/001_1024,high
WELLS FARGO ADVISORS,"600 W Broadway, One American Plaza, Suite 1450",San Diego,CA,32.7174202,-117.1627720,San Diego CA,https://home.wellsfargoadvisors.com/001_MG95,high
WELLS FARGO ADVISORS,200 N Congress Ave,Boynton Beach,FL,26.5261100,-80.0903669,Boynton Beach FL,https://home.wellsfargoadvisors.com/anthony.anthony,high
WELLS FARGO ADVISORS,"4030 W Boy Scout Blvd, Suite 150",Tampa,FL,27.9449854,-82.4583107,Tampa FL,https://home.wellsfargoadvisors.com/001_FW,high
WELLS FARGO ADVISORS,9948 Reisterstown Rd,Owings Mills,MD,39.4112260,-76.7693550,Owings Mills MD; Pikesville MD,https://home.wellsfargoadvisors.com/justin.woelper,high
WELLS FARGO ADVISORS,"27755 Stansbury Blvd, Suite 275",Farmington Hills,MI,42.4853125,-83.3771553,West Bloomfield MI,https://home.wellsfargoadvisors.com/001_PMK6,high
WELLS FARGO ADVISORS,"2500 Westchester Avenue, Suite 203",Purchase,NY,41.0405953,-73.7144803,Harrison NY,https://home.wellsfargoadvisors.com/001_v7,high
WELLS FARGO ADVISORS,1758 Allentown Rd,Lansdale,PA,40.2590582,-75.3258818,Telford PA,https://home.wellsfargoadvisors.com/Daniel.J.Peters,high
