committee_name,contributor_state,address,city,address_state,zip,note,rows,amount
AMERICAN ISRAEL PUBLIC AFFAIRS COMMITTEE,DC,251 H Street NW,Washington,DC,20001,AIPAC headquarters,8,51555895
CHAIN BRIDGE BANK,VA,1445 Laughlin Avenue,McLean,VA,22101,bank used by political committees,29,3684245
KRAFT GROUP,MA,One Patriot Place,Foxborough,MA,02035,The Kraft Group LLC — holding company (Patriots/Revolution owner); a business not a political committee,6,3150000
DEMOCRATIC MAJORITY FOR ISRAEL,DC,,,,,,5,2000000
ACTBLUE,MA,,,,,,904,745206
PORTAGE CAPITAL,NY,"280 Park Avenue, 29th Floor East",New York,NY,10017,Portage Invest — fintech investment firm,2,650000
AMERICANS FOR TOMORROW'S FUTURE,VA,PO Box 34131,Washington,DC,20043,pro-Israel PAC,3,500000
MGT HDL HOLDINGS,AZ,"1108 S. Baldwin Ave, Suite 210",Arcadia,CA,91007,HdL Companies — revenue/tax consulting,5,450000
SF PROPERTIES,MI,"17800 Laurel Park Drive North, Suite 200C",Livonia,MI,48152,Schostak family real-estate entity,4,370000
BICO ASSOCIATES GP,TN,3100 Gilchrist Road,Mogadore,OH,44260,BICO Steel — steel plate processing,4,358375
AS BEAUTY GROUP,NY,"111 West 33rd Street, 16th Floor",New York,NY,10001,beauty holding company,2,350000
SIGNAL PRODUCTS,CA,,,,,,4,350000
TWO RADS,FL,,,,,,3,350000
MILLER BARONDESS,CA,"2121 Avenue of the Stars, 26th Floor",Los Angeles,CA,90067,litigation law firm,3,320000
CALLER PROPERTIES,KY,1015 E. New Circle Road,Lexington,KY,40505,Caller family real-estate developer,3,300000
AJM PACKAGING CORPORATION,MI,4111 Andover Road,Bloomfield Hills,MI,48302,paper products manufacturer,3,250000
RAE TRANSPORTATION,TX,,,,,,1,250000
UNIVERSAL EXPORTS,TN,,,,,,3,220000
RNL VPC,IL,,,,,,1,200000
SQUARE MANAGEMENT ASSOCIATES,NJ,,,,,,2,200000
ALL JS,OH,,,,,,1,180000
MARYLAND ASSOCIATION FOR CONCERNED CITIZENS POLITICAL ACTION COMMITTEE,MD,,,,,,59,167900
TCI OF NY,NY,,,,,,4,160180
ENERGIZED FOR CHANGE PAC,VA,,,,,,2,160000
BELL FOR MISSOURI,MO,,,,,,5644,158147
ALG LEGACY,IL,,,,,,2,150000
IDEAL CAPITAL GROUP,FL,,,,,,1,150000
GEORGE LATIMER FOR CONGRESS,NY,,,,,,4356,143109
CENTERLINE LANDING,NV,,,,,,1,140000
CHANCE FAMILY ENTERPRISES,FL,,,,,,2,125000
CHC BOLD PAC,DC,"600 Pennsylvania Ave SE, Suite 300",Washington,DC,20003,Congressional Hispanic Caucus BOLD PAC,1,120000
FANNY GRUNBERG AND ASSOCIATES,NY,,,,,,3,120000
IDEAL FASTENER,FL,603 West Industry Drive,Oxford,NC,27565,Ideal Fastener Corporation — zipper manufacturer; a business not a political committee,2,120000
BETESH GROUP HOLDING,NJ,,,,,,1,100000
C AND W ACQUISITION,NY,,,,,,1,100000
DARCO CAPITAL,PA,,,,,,1,100000
FASHION OPTIONS,NY,,,,,,1,100000
GALION,NY,,,,,,2,100000
HUDSON VALLEY,MN,,,,,,1,100000
JNP CAPITAL RESOURCES,IL,,,,,,1,100000
LENOX REAL ESTATE PARTNERS,NJ,,,,,,1,100000
LIGHTSTONE REAL ESTATE PARTNERS,NJ,,,,,,1,100000
LONSDALE ENTERPRISES,TX,,,,,,1,100000
MANHATTAN TELECOMMUNICATIONS,NY,,,,,,2,100000
NEPSA CAPITAL,CT,,,,,,2,100000
PACHULSKI STANG ZIEHL & JONES,CA,,,,,,1,100000
SPORTS PRODUCTS OF AMERICA,NY,,,,,,1,100000
TCS GROUP,IL,,,,,,1,100000
THE HELLER GROUP,NY,,,,,,1,100000
YCF GROUP,VA,,,,,,2,100000
KOHN FAMILY TRUST,CA,,,,,,2,95000
ROSEN FOR NEVADA,NV,,,,,,1463,91047
CURFIN PROPERTY,IL,,,,,,4,90000
BELZ INVESTMENT COMPANY,TN,,,,,,1,85179
G & S MOTOR EQUIPMENT CO,NJ,,,,,,3,84000
TRILOGY INTERACTIVE,CA,,,,,,5,80802
FANNY GRUNBERG AND ASSOCIATES,CT,,,,,,1,80000
MANAGEMENT ACME WIDGET HOLDCO,TX,,,,,,1,75000
THE KORNFELD FAMILY TRUST,CA,,,,,,3,75000
TORRES FOR CONGRESS,NY,,,,,,1216,69056
MASSRY BROTHERS,NJ,,,,,,1,66667
DON DAVIS FOR NC,NC,,,,,,2007,66571
DEBBIE WASSERMAN SCHULTZ FOR CONGRESS,FL,,,,,,1023,63962
NEW SILVER LENDING,MA,,,,,,4,60000
PETE AGUILAR FOR CONGRESS,CA,,,,,,933,59078
GARSON AND COMPANY,OH,,,,,,2,59000
MAMIYE BROTHERS,NY,,,,,,2,57000
CISCOMANI FOR CONGRESS,AZ,,,,,,1028,54823
MENENDEZ FOR SENATE,NJ,PO Box 32248,Newark,NJ,07102,Bob Menendez (father) — Senate campaign committee,826,54043
COLLINS FOR SENATOR,ME,,,,,,546,52723
DEMOCRACY ENGINE,DC,,,,,,5,52574
MIKE JOHNSON FOR LOUISIANA,VA,,,,,,582,51997
JEFFRIES FOR CONGRESS,DC,PO Box 65322,Washington,DC,20035,Hakeem Jeffries — principal campaign committee,782,50934
HALEY STEVENS FOR CONGRESS,MI,,,,,,1094,50192
BLUESTAR ALLIANCE,NY,,,,,,1,50000
EATON STEEL,MI,,,,,,1,50000
EDJ CONSULTING,MN,,,,,,1,50000
GF VENTURES,NJ,,,,,,1,50000
GMM CAPITAL,NY,,,,,,1,50000
JEMB FAMILY,NY,,,,,,1,50000
JNP INVESTMENTS,IL,,,,,,1,50000
KENWAL STEEL,MI,,,,,,1,50000
KP TRUST,MO,,,,,,1,50000
MJ TUCHMAN PARTNERS,NY,,,,,,1,50000
PATRIOT MAJORITY PAC,DC,,,,,,1,50000
YCF GROUP,FL,,,,,,1,50000
YELNATS,NJ,,,,,,1,50000
DELTA ENTERPRISE,NY,,,,,,1,49950
LAWLER FOR CONGRESS,NY,,,,,,815,48112
COTTON FOR SENATE,AR,,,,,,523,46852
DON BACON FOR CONGRESS,NE,,,,,,996,45823
MIKE ROGERS FOR CONGRESS,AL,,,,,,706,44237
EMMER FOR CONGRESS,MN,,,,,,657,43768
HEARTLAND PAC,OH,,,,,,10,42226
JAKE AUCHINCLOSS FOR CONGRESS,MA,,,,,,648,42139
GRAND CANYON STATE CAUCUS,AZ,,,,,,28,42000
COMMITTEE TO ELECT JARED GOLDEN,ME,,,,,,859,41677
BELL FOR MISSOURI,DC,,,,,,804,41379
LANDSMAN FOR CONGRESS,OH,,,,,,749,40769
SCALISE FOR CONGRESS,LA,,,,,,594,40384
BARAKA REALTY CO.,NY,,,,,,1,40000
GARSON & ASSOCIATES,OH,,,,,,1,40000
SCHNEIDER FOR CONGRESS,IL,,,,,,702,38527
TED LIEU FOR CONGRESS,CA,,,,,,706,37683
GRACE FOR NEW YORK,NY,,,,,,725,37637
GLENN IVEY FOR CONGRESS 2022,MD,,,,,,1181,37365
JARED MOSKOWITZ FOR CONGRESS,FL,,,,,,664,36474
MJDL,NY,,,,,,1,36000
QUICK QUALITY RESTAURANTS,NJ,,,,,,1,36000
PROBITY INTERNATIONAL,CA,,,,,,1,35000
STEVE IRWIN FOR CONGRESS,PA,,,,,,1504,34947
CORY BOOKER FOR SENATE,NJ,,,,,,403,34870
BRIAN FITZPATRICK FOR ALL OF US,PA,,,,,,554,34701
MAST FOR CONGRESS,FL,,,,,,580,34328
LOIS FRANKEL FOR CONGRESS,FL,,,,,,679,33586
KATHERINE CLARK FOR CONGRESS,DC,,,,,,531,32543
FRIENDS OF MARK WARNER,VA,,,,,,373,32238
FRIENDS FOR GREGORY MEEKS,NY,,,,,,532,31478
ELAINE FOR CONGRESS,VA,,,,,,1007,30929
KEAN FOR CONGRESS,NJ,,,,,,533,30305
CLEVELAND BUILDING AND CONSTRUCTION TRADES COUNCIL,OH,,,,,,1,30000
LK DAYTON INVESTMENTS,FL,,,,,,1,30000
FRIENDS OF JOHN BARRASSO,WY,,,,,,486,29812
TONY GONZALES FOR CONGRESS,TX,,,,,,660,29607
MONTANANS FOR TESTER,MT,,,,,,545,29238
BOB CASEY FOR SENATE,PA,,,,,,500,28987
TEXANS FOR SENATOR JOHN CORNYN,TX,,,,,,295,28828
FRIENDS OF LUCY MCBATH,GA,,,,,,490,28779
ELISE FOR CONGRESS,NY,,,,,,436,26846
MCCAUL FOR CONGRESS,TX,,,,,,401,25728
SHONTEL BROWN FOR CONGRESS,OH,,,,,,888,25308
COLE FOR CONGRESS,OK,,,,,,369,25277
SHERMAN FOR CONGRESS,CA,,,,,,447,25101
BAILEY NUGGET PARTNERS,TX,,,,,,1,25000
CAPITAL RESOURCES GROWTH,CO,,,,,,1,25000
COLUMBUS 60TH REALTY,NY,,,,,,1,25000
CURFIN HOLDING CO.,IL,,,,,,1,25000
DELUXE BUILDING REALTY,NY,,,,,,1,25000
EAST 77TH REALTY,NY,,,,,,1,25000
EATON STEEL CORPORATION,MI,,,,,,1,25000
FIRST FINISH,MD,,,,,,1,25000
HARMAG,MD,,,,,,1,25000
HMR PHD,NY,,,,,,1,25000
JUBILEE PROPERTY GROUP,DC,,,,,,1,25000
KATZ INVESTMENTS,FL,,,,,,1,25000
KNESETH ISRAEL CONGREGATION,OH,,,,,,1,25000
L PAC,DC,,,,,,2,25000
RST DEVELOPMENT,MD,,,,,,1,25000
SPM REAL ESTATE SPRINGBORO,OH,,,,,,1,25000
DEB FISCHER FOR US SENATE,NE,,,,,,471,24579
MID MANHATTAN POLITICAL ACTION COMMITTEE (MID PAC),NY,,,,,,9,24500
ANGIE CRAIG FOR CONGRESS,MN,,,,,,431,23992
JIMMY PANETTA FOR CONGRESS,CA,,,,,,384,23470
ALASKANS FOR DAN SULLIVAN,AK,,,,,,285,23288
FOUSHEE FOR CONGRESS,NC,,,,,,952,22950
MENENDEZ FOR CONGRESS,NJ,,,,,,423,22039
JIM RISCH FOR U S SENATE COMMITTEE,ID,,,,,,288,21910
GUY FOR CONGRESS,PA,,,,,,377,21546
CHRIS PAPPAS FOR CONGRESS,NH,,,,,,410,21204
ALERICA,FL,,,,,,1,20900
HOYER FOR CONGRESS,DC,,,,,,423,20545
BPRINT INVESTMENTS,FL,,,,,,1,20000
REJI G,NY,,,,,,1,20000
YOUNG KIM FOR CONGRESS,CA,,,,,,376,19893
RICK SCOTT FOR FLORIDA,FL,,,,,,331,19874
JOANNA WEISS FOR CONGRESS,CA,,,,,,262,19782
KATHY MANNING FOR CONGRESS,NC,,,,,,428,19067
DAN GOLDMAN FOR NEW YORK,NY,,,,,,266,18832
TEXANS FOR HENRY CUELLAR CONGRESSIONAL CAMPAIGN,TX,,,,,,388,18532
DSCC,DC,,,,,,16,18496
ADAM SMITH FOR CONGRESS COMMITTEE,WA,,,,,,305,17698
PAT RYAN FOR CONGRESS,NY,,,,,,288,17633
BILL CASSIDY FOR US SENATE,LA,,,,,,226,17443
MICHELLE STEEL FOR CONGRESS,CA,,,,,,378,17328
WICKER FOR SENATE,MS,,,,,,282,17051
FRIENDS OF ISRAEL POLITICAL ACTION COMMITTEE - FIPAC,CA,,,,,,7,17000
FRIENDS OF MARIA,WA,,,,,,332,16621
NRSC,DC,,,,,,27,16596
DNA HOLDINGS,CA,,,,,,1,16000
DARREN SOTO FOR CONGRESS,FL,,,,,,272,15849
MARSHA FOR SENATE,TN,,,,,,299,15810
CRAMER FOR SENATE,ND,,,,,,261,15534
CAPITO FOR WEST VIRGINIA,WV,,,,,,179,15381
ADRIANO ESPAILLAT FOR CONGRESS,NY,,,,,,265,15277
JOE NEGUSE FOR CONGRESS,CO,,,,,,258,15258
MESSMER FOR CONGRESS,IN,,,,,,241,15201
SCHIFF FOR SENATE,DC,,,,,,294,15035
SHEILA CHERFILUS MCCORMICK FOR CONGRESS,DC,,,,,,297,14624
HICKENLOOPER FOR COLORADO,CO,,,,,,203,14158
JIMMY GOMEZ FOR CONGRESS,DC,,,,,,253,13962
DAN CRENSHAW FOR CONGRESS,TX,,,,,,240,13872
ANN WAGNER FOR CONGRESS,MO,,,,,,267,13489
JIM COSTA FOR CONGRESS,CA,,,,,,216,13038
KLOBUCHAR FOR MINNESOTA,MN,,,,,,250,12855
MARIE FOR CONGRESS,WA,,,,,,216,12797
CJ ASSOCIATES,NY,,,,,,1,12500
JEFFRIES VICTORY FUND,DC,"430 S Capitol St SE, 2nd Floor",Washington,DC,20003,Hakeem Jeffries — joint fundraising committee,20,12500
JOE WILSON FOR CONGRESS,SC,,,,,,231,12311
THOM TILLIS COMMITTEE,NC,,,,,,153,12113
JONI FOR IOWA,IA,,,,,,123,11731
VICENTE GONZALEZ FOR CONGRESS,TX,,,,,,239,11464
BANKS FOR SENATE,IN,,,,,,180,11380
KANSANS FOR MARSHALL,KS,,,,,,138,11151
MIKE LEVIN FOR CONGRESS,CA,,,,,,209,11104
CHRIS PAPPAS FOR SENATE,NH,,,,,,134,11064
INDY PASS HOLDINGS,CO,,,,,,1,10800
CHRIS COONS FOR DELAWARE,DE,,,,,,137,10766
DONALD NORCROSS FOR CONGRESS,NJ,,,,,,261,10626
CINDY HYDE-SMITH FOR US SENATE,MS,,,,,,170,10466
MIKE GARCIA FOR CONGRESS,CA,,,,,,211,10088
DANZIGER & DELLANO,TX,,,,,,1,10000
HERTER LIMITED PARTNERSHIP,NY,,,,,,1,10000
LORINE HABERLAND ALBERT FOUNDATION,MO,,,,,,1,10000
NEW DEMOCRAT COALITION ACTION FUND,DC,,,,,,1,10000
PREYLOCK REAL ESTATE HOLDINGS,CA,,,,,,1,10000
RNS ASSOCIATES,FL,,,,,,1,10000
SELIG ENTERPRISES,GA,,,,,,1,10000
MIKE GALLAGHER FOR WISCONSIN,WI,,,,,,147,9912
JIM JORDAN FOR CONGRESS,OH,,,,,,143,9777
SINEMA FOR ARIZONA,AZ,,,,,,166,9751
SOLOW AND CO,NY,,,,,,3,9600
MULLIN FOR AMERICA,OK,,,,,,146,9439
MAX MILLER FOR CONGRESS,OH,,,,,,115,9287
HUDSON FOR CONGRESS,NC,,,,,,124,9144
SCHOLTEN FOR CONGRESS,MI,,,,,,221,9073
JOSH HAWLEY FOR SENATE,MO,,,,,,146,9014
KAY GRANGER CAMPAIGN FUND,TX,,,,,,88,8862
SHRI FOR CONGRESS,MI,,,,,,201,8839
DELBENE FOR CONGRESS,WA,,,,,,237,8837
GILLEN FOR NY,NY,,,,,,124,8772
PEOPLE FOR PATTY MURRAY,WA,,,,,,194,8589
FRIENDS OF RAJA FOR CONGRESS,IL,,,,,,108,8486
FRIENDS OF JOHN THUNE,SD,,,,,,149,8392
AUGUST PFLUGER FOR CONGRESS,TX,,,,,,152,8150
BLUEWEST MEDIA,CO,,,,,,1,8082
NICOLE FOR NEW YORK,NY,,,,,,186,8079
GARBARINO FOR CONGRESS,NY,,,,,,165,8061
MATALON FAMILY PARTNERSHIP,FL,,,,,,1,8000
RUDY FOR INDIANA,VA,,,,,,133,7918
BLUMENTHAL FOR CONNECTICUT,CT,,,,,,154,7803
ADAM HOLLIER FOR CONGRESS,MI,,,,,,324,7795
NEVADANS FOR STEVEN HORSFORD,NV,,,,,,136,7778
VIRGINIA FOXX FOR CONGRESS,NC,,,,,,194,7777
JOE MORELLE FOR CONGRESS,NY,,,,,,198,7772
EMILIA SYKES FOR CONGRESS,OH,,,,,,165,7745
ELIZABETH PANNILL FLETCHER FOR CONGRESS,TX,,,,,,147,7667
THE PHONE CONSULTANTS,CA,,,,,,1,7151
RON JOHNSON FOR SENATE,WI,,,,,,152,7114
MARK GREEN FOR CONGRESS,TN,,,,,,98,7006
JAIME FOR CONGRESS,WA,,,,,,60,7002
JAKE ELLZEY FOR CONGRESS,TX,,,,,,118,6861
WENSTRUP FOR CONGRESS,OH,,,,,,39,6858
HERN FOR CONGRESS,OK,,,,,,66,6795
LORI CHAVEZ-DEREMER FOR CONGRESS,OR,,,,,,144,6689
HAMBURGER STRATEGIES,DC,,,,,,1,6626
FRIENDS OF DAVID SCHWEIKERT,AZ,,,,,,150,6482
WHITEHOUSE FOR SENATE,RI,,,,,,114,6445
MICHAEL WALTZ FOR CONGRESS,FL,,,,,,141,6354
HUSTED FOR SENATE,OH,,,,,,57,6303
APRIL MCCLAIN DELANEY FOR CONGRESS,MD,,,,,,75,6068
BENNET FOR COLORADO,CO,,,,,,136,6063
LISA MCCLAIN FOR CONGRESS,MI,,,,,,75,6059
FRIENDS OF MIKE LEE,UT,,,,,,100,6043
HOEVEN FOR SENATE,ND,,,,,,133,6022
MAGGIE FOR CONGRESS,NH,,,,,,103,5929
VALADAO FOR CONGRESS,CA,,,,,,124,5918
KUSTOFF FOR CONGRESS,TN,,,,,,95,5877
TITUS FOR CONGRESS,NV,,,,,,192,5823
AMALGAMATED INVESTMENT SERVICES,NY,,,,,,2,5725
THE GREAT TASK,WY,,,,,,31,5703
AMALGAMATED BANK,DC,,,,,,3,5658
LALOTA FOR CONGRESS,NY,,,,,,97,5639
DEAN PHILLIPS FOR CONGRESS,MN,,,,,,99,5611
DAN NEWHOUSE FOR CONGRESS,WA,,,,,,127,5568
TWIN CITY FAN COMPANY,MN,,,,,,1,5500
KENNEDY FOR CONGRESS,NY,,,,,,66,5492
MAGGIE FOR NH,NH,,,,,,141,5435
GRASSLEY COMMITTEE,IA,,,,,,120,5428
ROUNDS FOR SENATE,SD,,,,,,111,5385
MILLER-MEEKS FOR CONGRESS,IA,,,,,,90,5337
CARAVEO FOR CONGRESS,CO,,,,,,92,5303
STEIL FOR WISCONSIN,WI,,,,,,98,5208
LISA MURKOWSKI FOR US SENATE,AK,,,,,,103,5148
DCCC,DC,,,,,,3,5076
JANICE WINFREY FOR CONGRESS,MI,,,,,,120,5049
WOMACK FOR CONGRESS COMMITTEE,AR,,,,,,102,5049
FAMILIES FOR JAMES LANKFORD,OK,,,,,,76,5005
GOETHE INVESTMENT CORPORATION,IL,,,,,,1,5000
MCM EQUITIES MAMIYE BROTHERS,NJ,,,,,,1,5000
RANGER CAPITAL CORPORATION,IL,,,,,,1,5000
THE CORMAC GROUP,DC,,,,,,1,5000
NIKEMA FOR CONGRESS,GA,,,,,,98,4970
MARC FOR US,NY,,,,,,103,4938
TAMMY FOR ILLINOIS,IL,,,,,,118,4866
NRCC,DC,,,,,,29,4844
IOWANS FOR ZACH NUNN,IA,,,,,,91,4730
KEVIN MULLIN FOR CONGRESS,CA,,,,,,111,4701
DR KIM SCHRIER FOR CONGRESS,WA,,,,,,137,4683
FRIENDS OF JIM CLYBURN,SC,,,,,,93,4624
JOHN JAMES FOR CONGRESS,MI,,,,,,68,4577
ERIC SORENSEN FOR ILLINOIS,IL,,,,,,109,4574
JEFFRIES MAJORITY FUND,DC,,,,,,36,4568
FRIENDS OF TODD YOUNG,IN,,,,,,76,4533
FRIENDS OF SCHUMER,NY,,,,,,87,4521
BRITT FOR ALABAMA,AL,,,,,,89,4502
DAVID TRONE FOR CONGRESS,MD,,,,,,111,4487
CLAUDIA TENNEY FOR CONGRESS,NY,,,,,,127,4469
MORAN FOR KANSAS,KS,,,,,,63,4408
CATHERINE CORTEZ MASTO FOR SENATE,NV,,,,,,104,4368
ALEX PADILLA FOR SENATE,CA,,,,,,99,4362
BARRAGAN FOR CONGRESS,CA,,,,,,99,4305
LAHOOD FOR CONGRESS,IL,,,,,,101,4258
MOODY FOR FLORIDA,FL,,,,,,42,4229
SPANBERGER FOR CONGRESS,VA,,,,,,117,4219
EMILY'S LIST,DC,,,,,,1,4165
REPUBLICAN NATIONAL COMMITTEE,DC,,,,,,3,4130
DAVID SCOTT FOR CONGRESS,GA,,,,,,120,4101
BERA FOR CONGRESS,CA,,,,,,102,4085
KWEISI MFUME FOR CONGRESS,MD,,,,,,65,4041
ROBERT ADERHOLT FOR CONGRESS,AL,,,,,,84,4011
AMERICAN WORKING FAMILIES,VA,,,,,,1,4000
GLENN F IVEY FOR CONGRESS,MD,,,,,,87,3920
ASHLEY HINSON FOR CONGRESS,IA,,,,,,76,3901
JULIE JOHNSON FOR CONGRESS,TX,,,,,,59,3882
BEATTY FOR CONGRESS,OH,,,,,,88,3871
JOSH HARDER FOR CONGRESS,CA,,,,,,92,3822
HUNT FOR CONGRESS,TX,,,,,,118,3790
THE REED COMMITTEE,RI,,,,,,47,3781
ANDREA SALINAS FOR OREGON,OR,,,,,,75,3744
MCHENRY FOR CONGRESS,NC,,,,,,64,3687
TEAM HAGERTY,TN,,,,,,56,3668
GABE AMO FOR CONGRESS,RI,,,,,,72,3664
JASON SMITH FOR CONGRESS,MO,,,,,,62,3651
ROBERT GARCIA FOR CONGRESS,CA,,,,,,138,3595
CRAIG GOLDMAN FOR CONGRESS,TX,,,,,,71,3571
PATRIOTS FOR PERRY,PA,,,,,,91,3533
WEBER FOR CONGRESS,TX,,,,,,84,3480
ANDY BARR FOR CONGRESS,KY,,,,,,150,3444
SF PROPERTIES LLC FEDERAL POLITICAL ACTION COMMITTEE A/K/A SCHOSTAK FAMILY FEDERAL PAC,MI,,,,,,1,3400
BLAKE MOORE FOR CONGRESS,UT,,,,,,70,3388
FRIENDS TO ELECT DR GREG MURPHY TO CONGRESS,NC,,,,,,88,3329
MOULTON FOR CONGRESS,MA,,,,,,47,3320
MIKE BOST FOR CONGRESS COMMITTEE,IL,,,,,,93,3302
LANGWORTHY FOR CONGRESS,NY,,,,,,58,3236
MORGAN MCGARVEY FOR CONGRESS,KY,,,,,,59,3218
SOLOW & CO.,NY,,,,,,1,3200
MARC VEASEY CONGRESSIONAL CAMPAIGN COMMITTEE,TX,,,,,,73,3184
RICHARD E NEAL FOR CONGRESS COMMITTEE,MA,,,,,,55,3161
ROB WITTMAN FOR CONGRESS,VA,,,,,,80,3146
PEOPLE FOR DEREK KILMER,WA,,,,,,55,3062
BRANDON FOR CONGRESS NY22,NY,,,,,,70,3044
FRY FOR CONGRESS,SC,,,,,,33,3036
DANIEL WEBSTER FOR CONGRESS,FL,,,,,,93,3032
NIKKI FOR CONGRESS,IL,,,,,,71,3014
CISNEROS FOR CONGRESS,CA,,,,,,68,3007
FALLON FOR CONGRESS,TX,,,,,,56,2972
CELESTE FOR CONGRESS,UT,,,,,,89,2951
LAMBORN FOR CONGRESS,CO,,,,,,57,2916
SHARICE FOR CONGRESS,KS,,,,,,61,2883
VICTORIA SPARTZ FOR CONGRESS,IN,,,,,,57,2878
ANGUS KING FOR U S SENATE CAMPAIGN,ME,,,,,,74,2871
MONICA FOR CONGRESS,TX,,,,,,70,2856
DEBORAH ROSS FOR CONGRESS,NC,,,,,,81,2853
FRIENDS OF MCCORMICK,GA,,,,,,65,2845
FEENSTRA FOR CONGRESS,IA,,,,,,57,2823
SMUCKER FOR CONGRESS,GA,,,,,,71,2776
FRIENDS OF DUSTY JOHNSON,SD,,,,,,58,2774
BETH VAN DUYNE FOR CONGRESS,TX,,,,,,77,2734
SYLVIA GARCIA FOR CONGRESS,TX,,,,,,46,2725
LOUDERMILK FOR CONGRESS,GA,,,,,,64,2693
BALDERSON FOR CONGRESS,OH,,,,,,55,2659
MIKIE SHERRILL FOR CONGRESS,NJ,,,,,,68,2590
VERN BUCHANAN FOR CONGRESS,FL,,,,,,56,2568
VAN DREW FOR CONGRESS,NJ,,,,,,65,2559
NORPAC,NJ,,,,,,3,2500
SALAZAR FOR CONGRESS,FL,,,,,,46,2484
THREE ARBOR INSURANCE,AL,,,,,,1,2472
JULIA LETLOW FOR CONGRESS,LA,,,,,,55,2448
SEAN PATRICK MALONEY FOR CONGRESS,NY,,,,,,44,2427
MARK ALFORD FOR CONGRESS,MO,,,,,,61,2418
BICE FOR CONGRESS,OK,,,,,,61,2417
NANCY MACE FOR CONGRESS,SC,,,,,,62,2414
MRVAN FOR CONGRESS,IN,,,,,,64,2413
CLEAVER FOR CONGRESS,MO,,,,,,54,2397
LUZ RIVAS FOR CONGRESS,CA,,,,,,60,2394
THE BILL KEATING COMMITTEE,MA,,,,,,54,2374
TERRI SEWELL FOR CONGRESS,AL,,,,,,93,2352
LATTA FOR CONGRESS,OH,,,,,,29,2349
MIKE CRAPO FOR US SENATE,ID,,,,,,68,2335
BRITTANY PETTERSEN FOR COLORADO,CO,,,,,,55,2278
JERRY CARL FOR CONGRESS,AL,,,,,,54,2266
KIGGANS FOR CONGRESS,VA,,,,,,41,2228
JEFF HURD FOR CONGRESS,CO,,,,,,44,2214
CLARKE FOR CONGRESS,NY,,,,,,53,2208
ANDY HARRIS FOR CONGRESS,MD,,,,,,46,2205
WILLIAM TIMMONS FOR CONGRESS,SC,,,,,,54,2204
SCHIFF FOR CONGRESS,CA,,,,,,20,2182
WYDEN FOR SENATE,OR,,,,,,35,2173
JIM BANKS FOR CONGRESS,IN,,,,,,33,2168
COURTNEY FOR CONGRESS,CT,,,,,,46,2134
STAND WITH SANCHEZ,CA,,,,,,50,2130
RAUL RUIZ FOR CONGRESS,CA,,,,,,41,2108
COMMITTEE TO ELECT SHOMARI FIGURES FOR CONGRESS,AL,,,,,,39,2064
FRIENDS OF PETER FISHKIND,NY,,,,,,2,2000
WEINER MARC FOUNDATION,IL,,,,,,1,2000
VAN ORDEN FOR CONGRESS,WI,,,,,,37,1973
CURTIS FOR CONGRESS,UT,,,,,,59,1952
BUDDY CARTER FOR CONGRESS,GA,,,,,,34,1929
FRIENDS OF CHRIS SMITH,NJ,,,,,,59,1923
BYRON DONALDS FOR CONGRESS,FL,,,,,,47,1918
COLIN ALLRED FOR CONGRESS,TX,,,,,,34,1910
SIMPSON FOR CONGRESS,ID,,,,,,53,1880
VOTE BAUMGARTNER FOR CONGRESS,WA,,,,,,46,1873
RODNEY FOR CONGRESS,IL,,,,,,39,1868
MARK KELLY FOR SENATE,AZ,,,,,,50,1849
FRIENDS OF NEAL DUNN,FL,,,,,,30,1792
CASTOR FOR CONGRESS,FL,,,,,,83,1786
SELF FOR CONGRESS,TX,,,,,,39,1763
BERGMANFORCONGRESS,MI,,,,,,23,1750
MANN FOR CONGRESS,KS,,,,,,33,1743
GRAVES FOR CONGRESS,MO,,,,,,42,1735
FRENCH HILL FOR ARKANSAS,AR,,,,,,31,1716
INSTITUTE OF SCRAP RECYCLING INDUSTRIES INC. DBA RECYCLED MATERIALS ASSOCIATION PAC,DC,,,,,,1,1675
NATHANIEL MORAN FOR CONGRESS,TX,,,,,,38,1666
CHRISSY HOULAHAN FOR CONGRESS,PA,,,,,,44,1662
JIMMY GOMEZ FOR CONGRESS,CA,,,,,,30,1658
TEXANS FOR JODEY ARRINGTON,TX,,,,,,50,1647
PETER MEIJER FOR CONGRESS,MI,,,,,,29,1622
FRIENDS OF ROSA DELAURO,CT,,,,,,32,1611
BEN CLINE FOR CONGRESS,VA,,,,,,35,1569
KATHERINE CLARK FOR CONGRESS,MA,,,,,,28,1563
COMMITTEE TO ELECT MIKE EZELL,MS,,,,,,34,1545
AMODEI FOR NEVADA,NV,,,,,,49,1540
AUSTIN SCOTT FOR CONGRESS,GA,,,,,,33,1533
CHRIS DELUZIO FOR CONGRESS,PA,,,,,,35,1522
DESPOSITO FOR NEW YORK,NY,,,,,,34,1500
ABE FOR ARIZONA,AZ,,,,,,28,1489
SHEILA CHERFILUS MCCORMICK FOR CONGRESS,FL,,,,,,26,1488
JOHN ROSE FOR TENNESSEE,TN,,,,,,22,1485
SANFORD BISHOP FOR CONGRESS,GA,,,,,,55,1478
SUHAS FOR VIRGINIA,VA,,,,,,41,1477
MCBRIDE FOR DELAWARE,DE,,,,,,49,1472
NAPOLITANO FOR CONGRESS,CA,,,,,,49,1465
ANDY BARR FOR SENATE,KY,,,,,,9,1455
MCCLELLAN FOR CONGRESS,VA,,,,,,34,1446
TROY CARTER FOR CONGRESS,LA,,,,,,26,1420
GILLEN FOR NY,DC,,,,,,21,1393
DEREK SCHMIDT FOR CONGRESS,KS,,,,,,31,1387
STUTZMAN FOR CONGRESS,IN,,,,,,20,1365
AARON BEAN FOR CONGRESS,FL,,,,,,42,1347
NELLIE POU FOR CONGRESS,NJ,,,,,,34,1346
CHUCK FLEISCHMANN FOR CONGRESS COMMITTEE,TN,,,,,,27,1310
SCOTT FRANKLIN FOR CONGRESS,FL,,,,,,33,1286
GIBBS FOR CONGRESS,OH,,,,,,10,1285
WALORSKI FOR CONGRESS,IN,,,,,,13,1275
MIKE HARIDOPOLOS FOR CONGRESS,FL,,,,,,16,1271
MEUSER FOR CONGRESS,WI,,,,,,27,1270
DR RAUL RUIZ FOR CONGRESS,CA,PO Box 1566,Indio,CA,92202,FEC committee C00502575 — official address; merged with RAUL RUIZ FOR CONGRESS,38,1254
WESTERMAN FOR CONGRESS,AR,,,,,,18,1251
MIKE FLOOD FOR CONGRESS,NE,,,,,,18,1250
FRIENDS OF JIMMY PATRONIS,AL,,,,,,33,1239
ROB FOR,PA,,,,,,32,1221
CASE FOR CONGRESS,HI,,,,,,26,1218
FINSTAD FOR CONGRESS,MN,,,,,,32,1204
BUCK FOR COLORADO,CO,,,,,,27,1179
JOHN DUARTE FOR CONGRESS,CA,,,,,,17,1167
DIANA FOR CONGRESS,TN,,,,,,18,1166
DAVID ROUZER FOR CONGRESS,NC,,,,,,41,1161
DR BRIAN BABIN FOR CONGRESS,TX,,,,,,53,1157
DREW FERGUSON FOR CONGRESS,GA,,,,,,23,1150
LOU CORREA FOR CONGRESS,CA,,,,,,37,1134
BRANDON GILL FOR TEXAS,VA,,,,,,23,1132
BILIRAKIS FOR CONGRESS,FL,,,,,,50,1120
QUIGLEY FOR CONGRESS,IL,,,,,,29,1119
ELECTGABEEVANS.COM,CO,,,,,,20,1102
TIM SCOTT FOR SENATE,SC,,,,,,29,1087
TOM O'HALLERAN FOR CONGRESS,AZ,,,,,,27,1066
PETE STAUBER FOR CONGRESS,MN,,,,,,38,1052
MCCLINTOCK FOR CONGRESS,CA,,,,,,23,1045
GEORGE WHITESIDES FOR CONGRESS,CA,,,,,,20,1034
FISCHBACH FOR CONGRESS,MN,,,,,,28,1028
CLOUD FOR CONGRESS,TX,,,,,,33,1026
HITTER FAMILY LIMITED PARTNERSHIP,CA,,,,,,1,1000
KAHAN TRUST,MI,,,,,,1,1000
KALMAN YEGER NYC,NY,,,,,,1,1000
NORA VARGAS FOR SUPERVISOR,CA,,,,,,1,1000
RULLI FOR OHIO,OH,,,,,,14,992
JOHN CARTER FOR CONGRESS,TX,,,,,,36,990
SCOTT FITZGERALD FOR CONGRESS,WI,,,,,,19,977
DOUG LAMALFA COMMITTEE,CA,,,,,,17,975
RICK W ALLEN FOR CONGRESS,GA,,,,,,35,971
YVETTE4CONGRESS,NM,,,,,,10,964
GALLEGO FOR ARIZONA,AZ,,,,,,28,952
ANDY OGLES FOR CONGRESS,TN,,,,,,21,904
RON ESTES FOR CONGRESS,KS,,,,,,38,889
BONAMICI FOR CONGRESS,OR,,,,,,19,885
LAUREL LEE FOR CONGRESS,FL,,,,,,40,882
HERB CONAWAY FOR CONGRESS,NJ,,,,,,23,871
MICHAEL BURGESS FOR CONGRESS,TX,,,,,,34,850
ZINKE FOR CONGRESS,MT,,,,,,15,828
FRIENDS OF MICHAEL GUEST,MS,,,,,,11,815
JOHNSON FOR CONGRESS,OH,,,,,,12,800
DANIEL HERNANDEZ FOR CONGRESS,AZ,,,,,,29,789
BIGGS FOR CONGRESS,VA,,,,,,12,788
ANDY KIM FOR CONGRESS,NJ,,,,,,10,755
FRIENDS OF TIM MOORE,NC,,,,,,14,752
THE PAT HARRIGAN COMMITTEE,NC,,,,,,14,751
MOORE FOR WEST VIRGINIA,WV,,,,,,17,738
ERIC BURLISON FOR CONGRESS,MO,,,,,,18,735
BARRY MOORE FOR CONGRESS,AL,,,,,,8,712
COLLINS FOR CONGRESS,GA,,,,,,9,706
CINDY AXNE FOR CONGRESS,IA,,,,,,22,694
HUIZENGA FOR CONGRESS,MI,,,,,,8,688
MCDOWELL FOR CONGRESS,NC,,,,,,17,683
AL LAWSON FOR CONGRESS,FL,,,,,,8,667
KELLY FOR CONGRESS,MS,,,,,,12,665
FRIENDS OF SCOTT DESJARLAIS,TN,,,,,,6,645
CATHY MCMORRIS RODGERS FOR CONGRESS,WA,,,,,,7,632
JASON CROW FOR CONGRESS,CO,,,,,,12,615
LANCE GOODEN FOR CONGRESS COMMITTEE,TX,,,,,,22,608
BURCHETT FOR CONGRESS,TN,,,,,,8,607
MORGAN GRIFFITH FOR CONGRESS,VA,,,,,,14,606
VAL HOYLE FOR CONGRESS,OR,,,,,,21,604
MIKE JOHNSON FOR LOUISIANA,LA,,,,,,9,602
SCOTT PETERS FOR CONGRESS,CA,,,,,,9,601
DUTCH RUPPERSBERGER FOR CONGRESS COMMITTEE,MD,,,,,,13,590
SYLVESTER TURNER CAMPAIGN,TX,,,,,,11,584
ADAM GRAY FOR CONGRESS,CA,,,,,,13,575
KURT SCHRADER FOR CONGRESS,OR,,,,,,20,556
ELISSA SLOTKIN FOR CONGRESS,MI,,,,,,25,550
MOOLENAAR FOR CONGRESS,MI,,,,,,12,550
HAGEMAN FOR WYOMING,WY,,,,,,14,526
FREDERICA S WILSON FOR CONGRESS,DC,,,,,,45,516
A B DATA CLIENT TRUST,WI,,,,,,1,502
BISHOP FOR CONGRESS,NC,,,,,,5,500
FERRNCZ,IL,,,,,,1,500
"HAAS, .CANDICE",CA,,,,,,1,500
MCEACHIN FOR CONGRESS,VA,,,,,,5,500
NOT EMPLOYED,GA,,,,,,1,500
WALDMAN,CA,,,,,,1,500
DALE STRONG FOR CONGRESS,AL,,,,,,7,478
FRIENDS OF JAHANA HAYES,CT,,,,,,8,454
ANNA PAULINA LUNA FOR CONGRESS,FL,,,,,,24,453
SHREVE FOR CONGRESS,IN,,,,,,9,452
HOUCHIN FOR CONGRESS,IN,,,,,,9,450
VERONICA ESCOBAR FOR CONGRESS,TX,,,,,,5,436
ROGER WILLIAMS FOR U S CONGRESS COMMITTEE,TX,,,,,,5,425
JAY OBERNOLTE FOR CONGRESS,GA,,,,,,3,415
ADRIAN SMITH FOR CONGRESS,NE,,,,,,20,390
HIMES FOR CONGRESS,CT,,,,,,44,379
TOM MALINOWSKI FOR CONGRESS,NJ,,,,,,10,363
SCHOTTENSTEIN STORES CORPORATION PAC,OH,,,,,,1,360
FEDORCHAK FOR ND,ND,,,,,,7,350
JOSH RILEY FOR CONGRESS,NY,,,,,,2,325
EMILY RANDALL FOR CONGRESS,WA,,,,,,11,319
HAL ROGERS FOR CONGRESS,KY,,,,,,2,290
MATT ROSENDALE FOR MONTANA,MT,,,,,,2,290
TERESA FOR ALL,NM,,,,,,2,290
JOHN CURTIS FOR UTAH,UT,,,,,,8,250
MARK HARRIS FOR CONGRESS,NC,,,,,,12,239
MATT VAN EPPS FOR CONGRESS,TN,,,,,,5,225
TROY DOWNING FOR CONGRESS,MT,,,,,,2,194
LUMMIS FOR WYOMING,WY,,,,,,7,176
MCGUIRE FOR VIRGINIA,VA,,,,,,1,175
ROBIN KELLY FOR CONGRESS,IL,,,,,,1,175
FRIENDS OF DAVE JOYCE,OH,,,,,,1,165
MIKE KENNEDY FOR UTAH,UT,,,,,,1,165
JOHN KENNEDY FOR US,LA,,,,,,35,134
"MARIE FOR CONGRESS, MARIE GLUESENKAMP REP.",WA,,,,,,3,100
LAURA FRIEDMAN FOR CONGRESS,CA,,,,,,3,68
DAVID TRONE FOR MARYLAND,MD,,,,,,156,0
TONY CARDENAS FOR CONGRESS,DC,,,,,,95,-336
LARSON FOR CONGRESS,CT,,,,,,31,-999
DEBBIE LESKO FOR CONGRESS,AZ,,,,,,47,-2595
KANSANS FOR LATURNER,KS,,,,,,22,-4071
MIKE KELLY FOR CONGRESS,PA,,,,,,20,-4657
GUTHRIE FOR CONGRESS,KY,,,,,,14,-4709
CLIFF BENTZ FOR CONGRESS,OR,,,,,,1,-5000
SETH FOR MASSACHUSETTS,MA,,,,,,8,-5795
TED DEUTCH FOR CONGRESS COMMITTEE,DC,,,,,,2,-5800
