rid,employer_name,verdict,organisation,address,city,state,zip,source_name,source_url,note
1,01 ADVISORS,corrected,"01 Advisors (01A), venture firm",415 Jackson Street,SAN FRANCISCO,CA,94111,01A official website,https://www.01a.com/,"The donor is a general partner at 01A. The firm lists its San Francisco HQ at 415 Jackson and a New York office at 817 Broadway, so the published Letterman Dr address is outdated, and with no Colorado office the HQ is used."
2,1826 GROUP,home_based,1826 Group (private Aventura entity; previous employer of a retired donor),,AVENTURA,FL,33180,Published address is a unit in a residential condominium tower,,"The published street is a condo unit in a residential high-rise, not an office, and no public office exists, so only the city is kept."
3,19 ENTERPRISES LLC,not_found,"19 Enterprises LLC (Nevada LLC, Las Vegas)",,,,,Nevada Campaign Contributions company page,https://nevadacampaigncontributions.com/companies/433993-19-enterprises-llc.html,The published Latham NY address belongs to an unrelated IT consulting firm called 19-Enterprises LLC. The donor's entity is a Las Vegas holding LLC (NV reg. E0392152015-1) with no public office address.
4,1901 PARTNERS,not_found,"1901 Partners Management, LP (energy private equity)",,,,,SEC IAPD firm record CRD 173444,https://adviserinfo.sec.gov/firm/summary/173444,"The firm ended its SEC registration in 2023 and withdrew as an exempt reporting adviser in Dec 2023. Its last filing gives an appointment-only Southlake TX office with no public street, so the 750 Third Ave NYC office is outdated."
5,21CFI,not_found,21cfi (small private Bay Area entity; not 21st Century Fox),,,,,No reliable source,,"The published 1211 Ave of the Americas address is the former 21st Century Fox/News Corp HQ, which does not fit a 2026 Santa Clara engineer. 21cfi turns up only as a private investment name in Sunnyvale with no public office."
6,30 POINT STRATEGIES,home_based,30 Point Strategies LLC (content/communications agency),,ATLANTA,GA,30312,Yahoo Local listing; 30 Point website team page,https://local.yahoo.com/info-13691728-30-point-strategies-atlanta/,"The donor is a founding partner, but the firm's site lists no office. The only address, 659 Auburn Ave NE #232, is a unit in the Studioplex residential live/work lofts (D&B lists it as APT 232)."
7,3I FUND,correct,"3i Fund (3i Management LLC / 3i, LP)","2 Wooster Street, 2nd Floor",NEW YORK,NY,10013,3i Fund official website,https://3ifund.com/,"The donor is a partner and portfolio manager at 3i Fund. The official site and a Dec 2025 contract both give 2 Wooster St, 2nd Floor."
8,7 STAR CONSTRUCTION COMPANY,home_based,7 Star Construction Company (Houston remodeling contractor),,HOUSTON,TX,77002,BBB business profile,https://www.bbb.org/us/tx/houston/profile/remodeling/7-star-construction-company-0915-22011812,"BBB names the donor as owner of this small Houston contractor and gives no street, only Houston TX 77002. The published Rock Hill SC PO box belongs to a different company."
9,7RIDGE,correct,"7RIDGE (private markets asset manager), New York office",405 Lexington Avenue,NEW YORK,NY,10174,7RIDGE official website,https://7ridge.com/,"The donor is a managing director at 7RIDGE. The official site lists the New York office in the Chrysler Building, 405 Lexington Avenue, NY 10174."
10,9 MUSES ART CORP,home_based,9 Muses Art Corp (art advisory),,NEW YORK,NY,10001,NY DOS record via OpenGovNY (DOS #4672903),https://opengovny.com/corporation/4672903,"The state registry location is an apartment unit (Apt 47D), a small art advisory run from a residence. Only the city is kept."
11,A PRIORI,corrected,A Priori Investment Management LLC (Greenwich quant fund),"3 Pickwick Plaza, Suite 302",GREENWICH,CT,06830,"SEC Form D (Havemeyer Place LP, May 2026)",https://www.sec.gov/Archives/edgar/data/2026128/000131586326000433/primary_doc.xml,"The published Concord MA address is aPriori Technologies, a different company. The donors are A Priori Investment Management executives, and its 2026 SEC Form D gives 3 Pickwick Plaza, Suite 302."
12,A&W TECH CONSULTING,home_based,A&W Technical Consulting LLC (small IT consultancy),,SAN ANTONIO,TX,78258,US Small Business Chamber listing,http://www.ussbchamber.org/aw-technical-consulting-llc/,"The firm's only listed address is a single-family house in a residential cove, so only the city is kept. It is the previous employer of a retired donor."
13,AARA,corrected,American Arthritis & Rheumatology Associates (AARA),"2255 Glades Road, Suite 228W",BOCA RATON,FL,33431,CMS NPI Registry (AARA entities),https://npiregistry.cms.hhs.gov/api/?version=2.1&organization_name=american%20arthritis*&state=FL&limit=50,"AARA is a rheumatology group, not the published Piscataway NJ office. The donor practised at its Boca Raton site (2900 N Military Trl) before retiring, and every AARA entity uses 2255 Glades Rd Ste 228W, Boca Raton as its central office."
14,ABC SALES & MARKETING,home_based,"ABC Sales & Marketing, Inc. (Weston FL marketing consultancy)",,WESTON,FL,33326,Florida Sunbiz entity record P02000114455,https://search.sunbiz.org/Inquiry/corporationsearch/SearchResultDetail?inquirytype=EntityName&directionType=ForwardList&searchNameOrder=ABCSALESMARKETING+P020001144550&aggregateId=domp-p02000114455-099585ff-b3b1-4ca0-bc08-f9880030a234&searchTerm=ABC+SCHOOL+BUS+TRANSPORTATION+INC&listNameOrder=ABCSALES+5463490,The donor is president of a small Weston FL corporation whose principal address is on a residential street. The published Mesa AZ address belongs to a different business.
15,AC DISASTER CONSULTING,correct,"AC Disaster Consulting LLC (emergency management firm, Denver HQ)","1800 Glenarm Place, Suite 300",DENVER,CO,80202,SAM.gov registration via SAMClerk,https://samclerk.com/entity/EB5D6BDAC996491,"The active SAM registration (renewed Jul 2026) gives 1800 Glenarm Pl Ste 300, Denver, and the firm's site says it is headquartered in Denver. It has no Florida office address."
16,ACCESS ENTERTAINMENT,correct,"Access Entertainment, a division of Access Industries",40 West 57th Street,NEW YORK,NY,10019,Access Industries contact page,https://www.accessindustries.com/contact/,"Access Entertainment is part of Access Industries, whose only US office is 40 West 57th Street, NY 10019. The site gives no floor and no Los Angeles office."
17,ACCIN OPPORTUNITY FUND,correct,Accion Opportunity Fund,"111 W. St. John Street, Suite 800",SAN JOSE,CA,95113,Accion Opportunity Fund contact page,https://aofund.org/contact/,"The misspelled employer is Accion Opportunity Fund. Its official contact page still lists 111 W. St. John Street, Suite 800, San Jose, and it has no Colorado office."
18,ACCOUNTNET INC,corrected,"Accountnet, Inc. (Microsoft Dynamics reseller)","31 West 34th Street, 8th Floor",NEW YORK,NY,10001,Accountnet official website,https://accountnet.com/,"The donor is a senior Dynamics consultant at Accountnet. Its site (2024-2025 events) holds meetings at 'Accountnet - Customer Briefing Center, 31 West 34th Street, 8th Floor', while 1333 Broadway Ste 303 is the 1996 registration address."
19,ACE GUARANTY RE,correct,Assured Guaranty Inc. (formerly ACE Guaranty Re Inc. / ACE Guaranty Corp.),1633 Broadway,NEW YORK,NY,10019,Assured Guaranty contact page,https://assuredguaranty.com/contact,ACE Guaranty Re Inc. was renamed ACE Guaranty Corp. in 2002 and Assured Guaranty Corp. in 2004. The successor's US office is 1633 Broadway (previous employer of a retired donor).
20,ACHIEVE BEHAVIORAL HEALTH,correct,Achieve Behavioral Health (Rockland County CCBHC),"25 Robert Pitt Drive, Suite 101",MONSEY,NY,10952,Achieve Behavioral Health official website,https://achievebh.org/,"One donor is listed as working at Achieve Behavioral Health. Its main site is 25 Robert Pitt Drive, Suite 101, Monsey, and all its sites are in New York, none in New Jersey."
21,ACP,corrected,"AdvantageCare Physicians (ACPNY), Valley Stream Medical Office",260 W. Sunrise Hwy,VALLEY STREAM,NY,11581,ACPNY location page; CMS NPI record,https://www.acpny.com/find-a-provider/locations/valley-stream-medical-office,"The published address is the American College of Physicians, a membership body. The physician's NPI record points to AdvantageCare Physicians (mail to its 55 Water St office) and practice at its Valley Stream Medical Office."
22,ACPOWERS LLC,home_based,ACPOWERS LLC (government affairs consultancy),,CLEVELAND HEIGHTS,OH,44118,Ohio SOS record via Bizapedia,https://www.bizapedia.com/oh/acpowers-llc.html,This founder-run consultancy's only registered address is an apartment in Cleveland Heights OH. The published 915 Broadway NYC suite is unrelated.
23,ACRISURE,correct,"Acrisure, LLC (insurance brokerage HQ)",100 Ottawa Ave SW,GRAND RAPIDS,MI,49503,Acrisure legal notice page,https://www.acrisure.com/legal,"Acrisure's legal notice gives Acrisure, LLC, 100 Ottawa Ave SW, Grand Rapids. The donors are brokers in several states, so the HQ fits best."
24,ACXION FOODSERVICE,corrected,Acxion Foodservice (foodservice sales agency),"510 McCormick Drive, Suite S",GLEN BURNIE,MD,21061,Acxion Foodservice contact page,https://www.acxion.com/contact,"Acxion's site now lists its only address as 510 McCormick Drive, Suite S, Glen Burnie, replacing the Odenton address. No Illinois office is published."
25,ADA,corrected,"Advanced Dermatology Associates, Ltd. (Allentown PA)","1259 S Cedar Crest Blvd, Suite 100",ALLENTOWN,PA,18103,CMS NPI Registry (physician and practice),https://npiregistry.cms.hhs.gov/api/?version=2.1&organization_name=advanced%20dermatology%20associates*&state=PA&limit=20,"The physician's NPI practice location is Advanced Dermatology Associates, Ltd. at 1259 S Cedar Crest Blvd Ste 100, Allentown. The published Chicago address belongs to an unrelated 'ADA'."
26,ADDITION MANAGEMENT LLC,corrected,Addition Management LLC (accounting/finance recruiting firm),469 Seventh Avenue,NEW YORK,NY,10018,"TapTalent agency profile (firm site lists only New York, NY and Tampa, FL)",https://taptalent.ai/recruitment-agencies/addition-management-recruitment-agency-profile/,"The street is right, but 469 Seventh Avenue is in ZIP 10018, not 10022. The firm's own site names New York and Tampa offices without streets, so this rests on a directory."
27,ADELPHI CAPITAL,ambiguous,Adelphi Capital (unresolved),,,,,No decisive source,,"This is a retired donor's previous employer. Candidates are Adelphi Capital LLP (London hedge fund, now a family office), Adelphi Capital Partners (Philadelphia PE) and an Adelphi Capital in Washington DC, with no evidence tying the donor to any of them."
28,ADELPHI DATA INC,home_based,"Adelphi Data, Inc. (national-security AI startup)",,MCLEAN,VA,22101,"SEC EDGAR filer record (Form D, Sep 2025)",https://data.sec.gov/submissions/CIK0002085885.json,"The startup's only filed address (SEC Form D) is on a residential street in McLean, and LinkedIn gives only 'New York, NY'. No public office exists."
29,ADH,corrected,Allied Digestive Health - Shore Gastroenterology Associates (Oakhurst office),"1907 Highway 35, Suite 1",OAKHURST,NJ,07755,Allied Digestive Health contact page; CMS NPI record,https://adhgi.com/contact-us/,"The published Little Rock address is the Arkansas Dept of Health, which is wrong. The donor is a gastroenterologist whose NPI location, 1907 Highway 35 Suite 1, Oakhurst, is Allied Digestive Health's Shore Gastroenterology office."
30,ADT,correct,ADT Inc. (corporate HQ),1501 Yamato Road,BOCA RATON,FL,33431,SEC EDGAR filer record for ADT Inc.,https://data.sec.gov/submissions/CIK0001703056.json,"The HQ is right, but ADT's SEC business address is 1501 Yamato Road, Boca Raton 33431, without the published 'Ste 100'."
31,ADVANCED MEDICAL TRANSPORT,corrected,"Advanced Medical Transport of Central Illinois (nonprofit EMS, Peoria)",1718 North Sterling Ave.,PEORIA,IL,61604,AMT official website,https://amtci.org/,"The donor is AMT's longtime CEO. The official site lists 1718 North Sterling Ave., Peoria, and the published Miramar FL address belongs to an unrelated Florida company."
32,ADVANCED NUTRITION,corrected,Advanced Nutrients (hydroponic fertilizer company),"8687 Melrose Ave, Suite G320",WEST HOLLYWOOD,CA,90069,Advanced Nutrients contact page,https://www.advancednutrients.com/contact/,"The occupation 'fertilizer' and the LA filing point to Advanced Nutrients, whose head office is 8687 Melrose Ave Suite G320, West Hollywood. The published Virginia Beach address is an unrelated nutrition practice."
33,ADVECTION GROWTH CAPITAL,correct,Advection Growth Capital LLC (merchant bank),320 Park Avenue,NEW YORK,NY,10022,Advection Growth Capital contact page,https://www.advectioncap.com/contact,"The donor is listed as a partner on the firm's team page. The contact page gives 320 Park Avenue, New York, NY 10022 with no floor, so the published FL 22 cannot be confirmed."
34,ADVENTIST,corrected,Adventist Health Portland (medical center),10123 SE Market Street,PORTLAND,OR,97216,Adventist Health Portland location page; CMS NPI record,https://www.adventisthealth.org/portland/locations/adventist-health-portland/,"The physician's NPI lists 10123 SE Market St, Portland, which is Adventist Health Portland. The published Silver Spring MD address is the Seventh-day Adventist church HQ."
35,ADVISOR PERSPECTIVES INC,correct,VettaFi LLC (owner of Advisor Perspectives),"225 Liberty St, Suite 2310",NEW YORK,NY,10281,Advisor Perspectives contact page,https://www.advisorperspectives.com/contact,"Advisor Perspectives is now part of VettaFi. Its contact page gives VettaFi LLC, 225 Liberty St, Suite 2310, NY 10281, matching the published address."
36,ADVOCATE LLP,correct,"Advocate, LLP (law firm)","805 3rd Ave, Room 2030",NEW YORK,NY,10022,NY OCA attorney registration via OpenData NY,https://opendatany.com/attorney.php?id=2673549,"The NY attorney registry lists the donor's employer as Advocate, LLP at 805 3rd Ave Rm 2030, New York 10022, the same office as its other attorneys."
37,AEIG,correct,"American European Insurance Group, Inc.","2250 Chapel Avenue West, Suite 200",CHERRY HILL,NJ,08002,AEIG contact page,https://www.aeiginsurance.com/contact/,"AEIG's contact page gives 2250 Chapel Avenue West, Suite 200, Cherry Hill. It says it also has a New York office but publishes only a Hicksville PO box for it."
38,AEPI FOUNDATION,corrected,Alpha Epsilon Pi Foundation Inc,"8910 Purdue Rd, Suite 730",INDIANAPOLIS,IN,46268,GuideStar/Candid profile EIN 13-6141078,https://www.guidestar.org/profile/13-6141078,"GuideStar (from IRS data) gives the Foundation's main and physical address as 8910 Purdue Rd Ste 730, and lists the fraternity there too. The old 8815 Wesleyan Rd building is shown only as a secondary address."
39,AEROSTRAT,correct,Aerostrat Corp. (aircraft maintenance planning software; acquired by AAR in 2025),"999 3rd Ave, Suite 700",SEATTLE,WA,98104,Aerostrat Software contact/about pages,https://aerostratsoftware.com/contact/,"The donor appears on Aerostrat's team page (previous employer of a retired donor). The company site lists 999 3rd Ave, Suite 700, Seattle."
40,AFFILIATED ANESTHESIOLOGISTS,not_found,"Affiliated Anesthesiologist(s) Ltd (Michigan-area group, location unconfirmed)",,,,,ZoomInfo / US News profile summaries,https://health.usnews.com/doctors/philip-wolok-506794,"The donor's whole career is in Michigan (Livonia/Ann Arbor). The published Oklahoma City group has no link to them, and no public office could be found for the 'Affiliated Anesthesiologist Ltd' named in their past-employer listing."
41,AFFILIATED DERM,corrected,"Affiliated Dermatologists and Dermatologic Surgeons (now Epiphany Dermatology), Morristown NJ","182 South Street, Suites 1 & 3",MORRISTOWN,NJ,07960,Epiphany Dermatology Morristown location page,https://www.epiphanydermatology.com/location/morristown-nj/,"The donor is a Morristown NJ dermatologist with Affiliated Dermatologists, which is now part of Epiphany Dermatology at 182 South St. The published Scottsdale AZ 'Affiliated Dermatology' is a different company."
42,AFIPO,correct,American Friends of the Israel Philharmonic Orchestra,"122 East 42nd Street, Suite 4507",NEW YORK,NY,10168,AFIPO About page,https://afipo.org/about-afipo/,"AFIPO's own site gives its only (national) office as 122 E 42nd St Suite 4507, which matches the published address; the donor is its former CEO."
43,AGDS,corrected,Aesthetic and General Dermatology of Seattle (Dermatology of Seattle & Bellevue),13610 1st Ave S,BURIEN,WA,98168,Dermatology of Seattle official site,https://dermatologyseattle.com/,AGDS is the donor's Burien dermatology practice (Aesthetic and General Dermatology of Seattle). The published Bemidji MN address belongs to an unrelated company.
44,AGP,corrected,Asymmetric Growth Partners,"2995 Woodside Road, Ste 400-133",WOODSIDE,CA,94062,LinkedIn company page,https://www.linkedin.com/company/asymmetric-growth-partners,"The donor is Managing Partner (GP) of Asymmetric Growth Partners, a small Woodside CA private-investment firm. The published Omaha address is Ag Processing Inc, an unrelated company."
45,AHARONI LAW,home_based,Aharoni Law Firm,,NEW YORK,NY,10025,Aharoni Law Firm contact page,https://aharonilaw.com/contact-us/,"This is a one-lawyer firm. The New York office that fits the NY-based founder is a unit in a residential apartment building, and the published Beverly Hills address is an executive-suite listing, so only the NY city and ZIP are given."
46,AI EDUCATION LLC,correct,"AI Education, LLC (owner of American Institute career schools)",9309 N. Florida Ave.,TAMPA,FL,33612,American Institute student catalog (PDF),https://www.americaninstitute.edu/wp-content/uploads/American-Institute-Catalog-V1.3web.pdf,"The school catalog says American Institute is owned by AI Education, LLC at 9309 N. Florida Ave, Tampa, which matches the published address. The campuses are in NJ and CT only."
47,AIQ,ambiguous,"Unresolved: ActionIQ (NYC, now part of Uniphore) vs AIQ/Alpine IQ (Broomfield CO)",,,,,Uniphore contact page; donor's professional profile summaries,https://www.uniphore.com/contact/,"The NY donor's work history includes ActionIQ, often shortened to AIQ, which has since been folded into Uniphore. The published Broomfield CO private mailbox belongs to a different AIQ, and nothing confirms which one the 2022 filing meant."
48,AJA,corrected,Atlanta Jewish Academy,5200 Northland Drive,ATLANTA,GA,30342,Atlanta Jewish Academy official site,https://www.atljewishacademy.org/,"The donor is the college counselor at Atlanta Jewish Academy. The published Grass Valley CA address is AJA Video Systems, an unrelated company."
49,AKF PROPERTIES,home_based,Adeena Karsseboom Fitterman Properties (AKF Properties),,SANTA MONICA,CA,90403,California SOS filing data via bizprofile.net,https://www.bizprofile.net/ca/santa-monica/adeena-karsseboom-fitterman-properties,"This is the owner's one-person real-estate corporation, registered at a residential Santa Monica address. The published Macungie PA address is unrelated."
50,ALASKA IMAGING ASSOCIATES,corrected,"Alaska Imaging Associates, LLC (Alaska Imaging)","2751 DeBarr Road, Suite 360",ANCHORAGE,AK,99508,Alaska Imaging contact page,https://www.alaskaimaging.com/contact/,"The donor is listed on Alaska Imaging's radiologist team page. The practice's own contact page gives 2751 DeBarr Rd Suite 360, not the published Providence Dr address."
51,ALCHEMIST,not_found,Alchemist Ventures (venture studio founded by the donor and a sibling),,,,,Alchemist Ventures website,https://www.alchemistventures.com/,"The venture studio's site lists only an email address and no office. The published Miami private-mailbox address is not tied to it, and the only Florida 'Alchemist Ventures LLC' on the state register is an inactive entity with other managers."
52,ALCO PRODUCTS,corrected,"Alco Products Inc. (exterior remodeling, DC/MD/VA)",4921 Wyaconda Road,NORTH BETHESDA,MD,20852,Alco Products Inc. contact page,https://www.alcoproductsinc.com/contact-us,"A Bethesda remodeling and marketing donor fits Alco Products Inc., the North Bethesda exterior remodeler. The published Detroit address is ALCO Products LLC, a roofing-materials maker."
53,ALISHA LEVIN MEMORIAL FUND,correct,Alisha C. Levin Memorial Fund (administered at the Philadelphia Foundation),"1835 Market Street, Suite 2410",PHILADELPHIA,PA,19103,Philadelphia Foundation contact page,https://www.philafound.org/contact/,"Directory listings put the fund at 1835 Market St Suite 2410, which is the Philadelphia Foundation's current office per its own contact page."
54,ALISTAR RESOURCES,correct,"Alistar Resources, LLC",41 Notre Dame Lane,UTICA,NY,13502,NY Department of State entity record (DOS ID 4160075); Zolidar profile,https://zolidar.com/grid/organization/alistar-resources-capitalprovider-clS78c,"This private-equity firm, run by the donor as CEO, is registered and listed at 41 Notre Dame Lane, a multi-tenant commercial building in Utica, which matches the published address."
55,ALIYA HEALTH GROUP,correct,Aliya Health Group,1590 S. Congress Avenue,WEST PALM BEACH,FL,33406,LinkedIn company page,https://www.linkedin.com/company/aliya-health-group,"The company gives its headquarters as 1590 S Congress Ave, West Palm Beach 33406, the same street as published but with the city it uses. Its press releases carry a Pittsburgh dateline, but no Pittsburgh office address is published."
56,ALJ REGIONAL,correct,"ALJ Regional Holdings, Inc.","244 Madison Avenue, PMB #358",NEW YORK,NY,10016,SEC EDGAR company record (CIK 1438731),https://www.sec.gov/cgi-bin/browse-edgar?action=getcompany&CIK=0001438731&type=&dateb=&owner=include&count=40,"SEC EDGAR lists ALJ Regional Holdings' business and mailing address as 244 Madison Ave PMB #358, which matches. The company deregistered in 2022, and the donor was its chairman and CEO."
57,ALL PACKAGING CO,corrected,"All Packaging Company (Aurora, CO)",14806 E 33rd Place,AURORA,CO,80011,BBB business profile,https://www.bbb.org/us/co/aurora/profile/packaging-service/all-packaging-company-1296-6000497/,"The retired Colorado donor led All Packaging Company, a paperboard carton maker in Aurora CO. The published Lenexa KS address is wrong."
58,ALL POINT,corrected,"All Point Financial, Inc. (d/b/a APF Advisory Services)","3435 Ocean Park Blvd., Suite 107-211",SANTA MONICA,CA,90405,APF Advisory Services contact page,https://www.apfadvisory.com/contact,"The donor is president of All Point Financial / APF Advisory Services in the LA area, whose site gives this Santa Monica address. The published Atlanta address is unrelated."
59,ALL SET HOSPITALITY LLC,correct,All Set Restaurant & Bar (All Set Hospitality LLC),"8630 Fenton Street, Plaza 5",SILVER SPRING,MD,20910,All Set Restaurant & Bar official site,https://www.allsetrestaurant.com/,"The restaurant is still operating at 8630 Fenton St in downtown Silver Spring, matching the published address (the site adds 'Plaza 5')."
60,ALL STAR SPORTS,ambiguous,Unresolved Missouri 'All Star Sports' business,,,,,Missouri SOS business entity search,https://bsd.sos.mo.gov/BusinessEntity/BESearch.aspx?SearchType=0,"Missouri has many active 'All Star Sports' entities (e.g. All Star Sports 1980 LLC, All Star Sports and Fitness, All Star Sports Center LLC) and nothing ties the St. Louis owner to one of them. The published Florence SC business has no link."
61,ALLADAPT IMMUNOTHERAPEUTICS,corrected,"Alladapt Immunotherapeutics, Inc.",611 Santa Cruz Ave,MENLO PARK,CA,94025,LinkedIn company page,https://www.linkedin.com/company/alladapt,"The company gives its headquarters as 611 Santa Cruz Ave, Menlo Park. The published 405 El Camino Real #611 is a mailbox-style address, and alladapt.com did not load, so the company may be winding down."
62,ALLEGIANCE STAFFING,corrected,"Allegiance Staffing, Sumner WA branch",13704 24th St E,SUMNER,WA,98390,Allegiance Staffing locations page,https://www.allegiancestaffing.com/agency-locations/,"Allegiance Staffing runs a Sumner WA branch serving Sumner, Bellevue and nearby cities, which matches both WA donors, instead of the published Spring TX address."
63,ALLEGIANTMD,correct,"AllegiantMD (radiology group acquired by Sheridan/Envision in 2016), now Envision Healthcare","20 Burton Hills Blvd, Suite 300",NASHVILLE,TN,37215,Envision Healthcare contact page,https://www.envisionhealth.com/contact,"AllegiantMD, a physician-owned Florida radiology group, was absorbed into Envision. The published address is Envision's current headquarters, which fits the parent-company policy for this retired donor."
64,ALLEN DEV,not_found,Unidentified 'Allen' development company (Columbus OH area),,,,,,,"The employer looks like the retired Columbus donor's own family development firm. No public record links it to the published Pasadena CA office, and the Ohio business registry was down for maintenance."
65,ALLIANCE BERNSTEIN,correct,AllianceBernstein,501 Commerce Street,NASHVILLE,TN,37203,AllianceBernstein contact page,https://www.alliancebernstein.com/corporate/en/contact-us.html,"AB's contact page lists 501 Commerce St, Nashville as global headquarters. Headquarters is the right choice because the two donors are in different metros (Austin, and Harrison NY)."
66,ALLIANT INSURANCE SERVICES,corrected,Alliant Insurance Services,"18100 Von Karman Ave., 10th Floor",IRVINE,CA,92612,Alliant office locations page,https://alliant.com/about/office-locations/,"The donors are in different metros (Highland Park IL and North Bethesda MD), so the Irvine headquarters is given instead of the published San Diego branch, which has also moved from Suite 400 to the 6th floor."
67,ALPA,correct,"Air Line Pilots Association, International","7950 Jones Branch Drive, Suite 400S",MCLEAN,VA,22102,ALPA Contact ALPA Offices page,https://www.alpa.org/about/contact-alpa-offices,"ALPA's own offices page gives its headquarters as 7950 Jones Branch Dr Suite 400S, McLean, which matches; this is the DC-area HQ for a Bethesda-based lawyer."
68,ALPAC,not_found,Unidentified 'ALPAC',,,,,,,"No organisation called ALPAC could be tied to this retired Houston donor. The published Ann Arbor address looks residential and has no source, so it should not be published."
69,ALPHA EPSILON PI FRATERNITY FOUNDATION,corrected,"Alpha Epsilon Pi Foundation, Inc.","8910 Purdue Road, Suite 730",INDIANAPOLIS,IN,46268,IRS Form 990 (FY ending May 2025) via ProPublica Nonprofit Explorer,https://projects.propublica.org/nonprofits/organizations/136141078/202601889349300610/full,"The foundation's latest Form 990 gives its address as 8910 Purdue Road, Suite 730, Indianapolis. The preserved Los Angeles Pico Blvd address is wrong."
70,ALTER TRADING,corrected,"Alter Trading Corporation, North Little Rock AR facility",4500 W. Bethany Rd,NORTH LITTLE ROCK,AR,72117,Alter Trading locations page,https://www.altertrading.com/#/locations,"Alter (headquarters 700 Office Parkway, St. Louis) has a North Little Rock facility, which is the office in the Little Rock trader's metro."
71,ALTRIA,correct,"Altria Group, Inc.",6601 West Broad Street,RICHMOND,VA,23230,Altria contact page,https://www.altria.com/contact-us,Altria's contact page confirms the Richmond headquarters address. No Massachusetts office exists for the Needham-based government-affairs donor.
72,ALUMNI VENTURES,correct,Alumni Ventures,"670 N. Commercial Street, Suite 403",MANCHESTER,NH,03101,Alumni Ventures official site,https://www.av.vc/,"Alumni Ventures' site footer gives 670 N. Commercial St, Suite 403, Manchester NH, matching the published address."
73,ALZHEIMER'S ASSOCIATION,corrected,"Alzheimer's Association, Southeast Florida Chapter","100 W. Cypress Creek Rd., Suite 1046",FORT LAUDERDALE,FL,33309,Alzheimer's Association Southeast Florida Chapter about page,https://www.alz.org/seflorida/about,"The Hallandale Beach donor falls within the Southeast Florida Chapter, headquartered in Fort Lauderdale. The national headquarters at 225 N Michigan Ave Fl 17, Chicago, is also confirmed on the same page."
74,AMERICAN BANKERS ASSOCIATION,corrected,American Bankers Association,1333 New Hampshire Ave NW,WASHINGTON,DC,20036,ABA Banking Journal site footer,https://bankingjournal.aba.com/,ABA's current headquarters is 1333 New Hampshire Ave NW. The published 1120 Connecticut Ave NW is its former building.
75,AMERICAN COMB CORP,correct,American Comb (family-owned comb manufacturer),22 Kentucky Ave,PATERSON,NJ,07503,American Comb official site,https://www.americancomb.com/,"American Comb's site gives its headquarters as 22 Kentucky Ave, Paterson NJ, in the NYC metro, which matches the published address."
76,AMERICAN FIRE RESTORATION LLC,correct,"American Fire Restoration, LLC",71-02 80th Street,GLENDALE,NY,11385,NY Department of State entity record (DOS ID 2507026),https://apps.dos.ny.gov/publicInquiry/,"The active NY LLC (formed 2000, Queens) has 71-02 80th St, Glendale as its registered service-of-process address, which matches. This is lower confidence because no other office is published and the company domain is for sale."
77,AMERICAN HOSPITAL ASSOCIATION,corrected,"American Hospital Association, Washington DC office","800 10th Street, NW, Two CityCenter, Suite 400",WASHINGTON,DC,20001,AHA contact page,https://www.aha.org/contact-us,AHA's Washington office is the nearest AHA office for this Maryland-based attorney. Suite 400 belongs to the DC office; the contact page gives the Chicago headquarters as just 155 N. Wacker Dr.
78,AMERICAN INDUSTRIAL PARTNERS,corrected,American Industrial Partners,"450 Lexington Ave, 40th Floor",NEW YORK,NY,10017,American Industrial Partners official site,https://www.americanindustrial.com/,"AIP's site and Wikipedia both give 450 Lexington Ave, 40th Floor as its New York headquarters, not the published 712 Fifth Ave, and no other office is listed."
79,AMERICAN JEWISH MEDICAL ASSOCIATION,not_found,"American Jewish Medical Association (AJMA, EIN 93-4844109)",,,,,ProPublica Nonprofit Explorer (IRS BMF) + theajma.org,https://projects.propublica.org/nonprofits/organizations/934844109,"The published 2108 N St Ste N Sacramento is the Northwest Registered Agent mail address on the IRS record (c/o the founder), not an office; the website gives only an email, directories show a Fairfax VA PO Box, and no physical office is public."
80,AMERICAN TECHNION SOCIETY,corrected,American Technion Society (national headquarters),55 East 59th Street,New York,NY,10022,ats.org New York location page,https://ats.org/location/new-york/,"ATS now lists its national office at 55 East 59th Street, so 600 Third Ave is out of date; donors are a national development officer and a Southern California regional director (Beverly Hills office at 501 S Beverly Dr Ste 200)."
81,AMERICAN TECHNOLOGY SERVICES,corrected,"American Technology Services, LLC (New York office)","250 Broadway, Suite 610",New York,NY,10007,networkats.com contact page,https://networkats.com/support/contact/,"ATS has offices in New York, Fairfax VA and Atlanta; the Queens-based president fits the New York office better than the published Fairfax office."
82,AMG,corrected,AMG Texas Capital (Houston commercial real estate lender),"100 Glenborough Dr, Suite 1000",Houston,TX,77067,amgtexascapital.com contact,https://amgtexascapital.com/,"The Houston management donor is AMG Texas Capital's listed contact (same Glenborough Tower suite as his other employer, VSC Management); the West Palm Beach address belongs to Affiliated Managers Group, a different company."
83,AMHERST,correct,The Amherst Group LLC (headquarters),"401 Congress Ave, 33rd Floor",Austin,TX,78701,amherst.com contact page,https://www.amherst.com/contact/,"The donor is litigation counsel at The Amherst Group; Amherst has no Charlotte office (only Austin and New York), so the Austin Frost Bank Tower headquarters is right."
84,AMITAY CONSULTING,correct,"Amitay Consulting, LLC","444 North Capitol Street NW, Suite 345",Washington,DC,20001,amitayconsulting.com contact page,http://amitayconsulting.com/contact-us/,"The firm's site footer lists Suite 345, matching the published address; the body of the same page still says Suite 203, but the building and ZIP are the same."
85,AMLON RESOURCES GROUP,correct,The Amlon Group / Amlon Resources Group LLC (New York office),"10 East 40th Street, Suite 3802",New York,NY,10016,ScrapMonster company directory (Amlon Group NYC),https://www.scrapmonster.com/company/amlon-group-nyc/144618,"Amlon Resources Group's New York office is at 10 E 40th St Ste 3802, which fits the NJ-based CEO; a 2022 press release says the parent Amlon Group is headquartered in Plano TX."
86,AMPERON,correct,"Amperon (Amperon Holdings, Inc.)","2000 Crawford St., Suite 1300",Houston,TX,77002,NAEMA new member listing,https://naema.com/new-member-amperon/,Amperon's only listed office is its Houston headquarters; the Seattle partnerships director has no local office.
87,AMPERSAND INC,corrected,"Ampersand (National Cable Communications LLC dba Ampersand, TV advertising)","151 West 42nd Street, 11th Floor",New York,NY,10036,ampersand.tv terms of service,https://www.ampersand.tv/terms-of-service,"The NYC Salesforce manager works for Ampersand, the TV-advertising company (ampersand.tv, Salesforce and ad-tech operations role), not Ampersand, Inc. of Waukesha WI, a deposit and treasury firm."
88,ANCHORAGE CAPITAL ADVISORS,corrected,"Anchorage Capital Advisors, L.P.","610 Broadway, 6th Floor",New York,NY,10012,anchoragecapital.com footer,https://anchoragecapital.com/,"The firm's official site lists its New York office at 610 Broadway, 6th Floor; 601 Lexington Ave 44th Floor is out of date."
89,ANDURIL INDUSTRIES,corrected,"Anduril Industries, Inc. (Washington DC office)",909 E St NW,Washington,DC,20004,ADI Construction project page (Anduril DC office); HQ confirmed via LDA registrant record,https://adigc.com/projects/anduril/,"The software engineer files from Washington DC, where Anduril has offices on floors 5-6 of 909 E St NW; the published 1560 Sherman Ave Santa Monica is not an Anduril address (HQ is 1400 Anduril, Costa Mesa CA 92626)."
90,ANGIOLOGY CORPORATION OF AMERICA,home_based,Angiology Corporation of America (AngioScreen),,Joelton,TN,37080,angioscreen.com contact footer,https://www.angioscreen.com/,"The company's site lists a Joelton TN street address that is exactly the CEO's own 2025 FEC filing address (BBB still shows an older Nashville office), so the street is withheld as likely home-based."
91,ANNEX VENTURES,not_found,Unidentified Dallas-based 'Annex Ventures' (not the California VC firm),,,,,annexventures.com team page,https://annexventures.com/team,"The California Annex Ventures (San Jose/Los Altos) team does not include a Dallas-based president, and no public office could be found for the Texas firm the donor runs."
92,ANTARES CAPITAL CORP,home_based,"Antares Capital Corporation (Florida venture capital firm, doc P93000033140)",,Merritt Island,FL,32952,Florida Division of Corporations (Sunbiz),https://search.sunbiz.org/Inquiry/CorporationSearch/SearchResults?inquiryType=EntityName&searchNameOrder=ANTARESCAPITAL&searchTerm=ANTARES%20CAPITAL,"The Miami venture-capital partner works for the small Florida VC firm Antares Capital Corporation, not the Chicago private-credit lender Antares Capital LP; its registered principal address is an individual officer's address with a PO Box, so the street is withheld."
93,AOPA,correct,Aircraft Owners and Pilots Association (and AOPA Foundation),421 Aviation Way,Frederick,MD,21701,aopa.org footer,https://www.aopa.org/about/contact-us,"The former fundraiser worked for AOPA and its foundation, both headquartered at 421 Aviation Way in Frederick."
94,APPLIED MATERIALS,correct,"Applied Materials, Inc. (headquarters)",3050 Bowers Ave,Santa Clara,CA,95054,SEC EDGAR company record,https://www.sec.gov/cgi-bin/browse-edgar?action=getcompany&CIK=0000006951,"SEC filings confirm the Santa Clara headquarters; no Applied Materials office in Rochester NY could be verified, so HQ applies."
95,ARCADIA IBI GROUP,corrected,"Arcadis (IBI Group, acquired and rebranded Arcadis IBI Group) - Los Angeles office","333 South Hope Street, C200",Los Angeles,CA,90071,arcadis.com office locations,https://www.arcadis.com/en-us/office-locations,"'Arcadia IBI Group' is Arcadis IBI Group, now part of Arcadis (US HQ Highlands Ranch CO); the West Hills CA designer fits the Arcadis Los Angeles office, not a Raleigh address."
96,AREAS,ambiguous,"Undetermined: Areas USA (airport concessions, Miami HQ) vs an unidentified Los Angeles real-estate firm named Areas",,,,,,,"The published Miami address is Areas USA, an airport food-and-beverage operator; a Los Angeles real-estate donor could be in its concession-leasing side or at an unrelated LA firm, and nothing public settles which."
97,ARENTFOX SCHIFF,corrected,ArentFox Schiff LLP (New York office),"1301 Avenue of the Americas, 42nd Floor",New York,NY,10019,afslaw.com New York office page,https://www.afslaw.com/offices/new-york,"'1301 K St NW' is not a real ArentFox address (the DC office is 1717 K Street NW); most donors are in New York, so the New York office is used (LA office: 555 South Flower St, 43rd Floor)."
98,ARNOLD & PORTER,correct,Arnold & Porter Kaye Scholer LLP (Washington DC headquarters),"601 Massachusetts Ave, NW",Washington,DC,20001,arnoldporter.com DC office page,https://www.arnoldporter.com/en/offices/washington-dc,"The DC headquarters is right; donors split between DC-area and NY-area homes (NY office: 250 West 55th Street, 10019)."
99,ART FLAG,not_found,"Art Flag Co. Inc. (NY corporation, dissolved)",,,,,NY Department of State corporation database (DOS ID 132577),https://apps.dos.ny.gov/publicInquiry/,"Art Flag Co. Inc., a retiree's former employer, was voluntarily dissolved in 2021, and the published Edgewater NJ street is the former officer's personal unit address, so it must be removed."
100,ART OF LIVING FOUNDATION,correct,Art of Living Foundation (Washington DC center),2401 15th St NW #7,Washington,DC,20009,dc.artofliving.org about page,https://dc.artofliving.org/about/,"2401 15th St NW #7 is the foundation's current DC center; it has no Florida office, and its IRS address is a Walnut Creek CA accountant (care-of), not an office."
101,ARTISAN PARTNERS,correct,Artisan Partners (headquarters),"875 E. Wisconsin Avenue, Suite 800",Milwaukee,WI,53202,artisanpartners.com contact page (also SEC EDGAR),https://www.artisanpartners.com/contact-us.html,"The Milwaukee HQ is right; Artisan's Form ADV lists four separate Manhattan team offices, and none is identified as the institutional sales office, so HQ is kept."
102,ASCENT PARTNERS,not_found,Unidentified Charlotte-area 'Ascent Partners',,,,,Florida Division of Corporations (Sunbiz),https://search.sunbiz.org/Inquiry/CorporationSearch/SearchResults?inquiryType=EntityName&searchNameOrder=ASCENTPARTNERS&searchTerm=ASCENT%20PARTNERS,"The published Aventura address belongs to Ascent Partners Fund LLC, a Florida fund voluntarily dissolved in March 2025 and unrelated to the Charlotte project manager; the right firm could not be identified."
103,ASIAQUEST JOURNEYS,home_based,"AsiaQuest Journeys, LLC (JapanQuest Journeys luxury Japan tour operator)",,Washington,DC,20007,NY Department of State record (DOS ID 7304462) + asiaquestjourneys.com,https://apps.dos.ny.gov/publicInquiry/,"This small tour operator's website gives no office address (only a 202 phone); its only public street is the LLC's filing address on a residential Georgetown block, so the street is withheld."
104,ASRC FEDERAL,correct,ASRC Federal Holding Company (headquarters),"11091 Sunset Hills Road, Suite 800",Reston,VA,20190,asrcfederal.com contact page,https://www.asrcfederal.com/contact,"The company's site lists its Reston headquarters, which is in the same DC metro area as the Maryland data analyst."
105,ASSURED INVESTMENT MANAGEMENT,corrected,"Assured Investment Management LLC (now Sound Point Luna LLC, SEC CRD 128132)","375 Park Avenue, 34th Floor",New York,NY,10152,SEC Investment Adviser Public Disclosure,https://adviserinfo.sec.gov/firm/summary/128132,"Assured Investment Management (formerly BlueMountain) has been renamed Sound Point Luna LLC, whose 2026 Form ADV office is 375 Park Ave 34th Floor; the Lake Success address is not this firm."
106,ASURION,corrected,"Asurion, LLC (headquarters)",140 11th Ave. North,Nashville,TN,37203,asurion.com privacy policy,https://www.asurion.com/privacy-policy/,"Asurion's official notices now give its headquarters as 140 11th Ave. North, Nashville, not 1101 Church St."
107,AT HOME,generic_no_office,None (status phrase meaning homemaker/not employed),,,,,,,"'At home' is a homemaker/retiree status (occupations HOUSEWIFE/RETIRED), not the At Home retail chain, so no address should be published."
108,ATCO,not_found,Unidentified Shreveport-area business named ATCO,,,,,,,"The donor owns/manages an ATCO in Shreveport that could not be identified in public sources; the published Spring TX suite could not be tied to it, and the Louisiana registry was bot-protected."
109,ATHENE,correct,Athene Holding Ltd. / Athene Annuity (US headquarters),7700 Mills Civic Parkway,West Des Moines,IA,50266,athene.com contact page (also SEC EDGAR),https://www.athene.com/contact-us,"Athene lists only its West Des Moines headquarters and no Los Angeles office, so HQ is right for the LA-based legal SVP."
110,ATHENS INSURANCE SERVICES INC,correct,"Athens Administrators (Athens Insurance Service, Inc.) - corporate headquarters",2552 Stanwell Drive,Concord,CA,94520,athensadmin.com contact page,https://www.athensadmin.com/contact,"The retired claims specialist worked for Athens, a claims administrator with no Pennsylvania office (only CA, FL, HI, NV and TX), so the Concord HQ is right."
111,ATLANTIC ENT,corrected,"Atlantic Ear, Nose & Throat (Central Florida ENT practice) - Lake Mary office","1301 S. International Pkwy, 2nd Floor, Suite 2011",Lake Mary,FL,32746,atlanticent.com (site structured data and patient reviews),https://www.atlanticent.com/,"The Orlando physician practices at Atlantic Ear, Nose & Throat, whose patient reviews name him at its Lake Mary office; the Toms River NJ address is an unrelated practice."
112,AUDACIOUS,ambiguous,"Undetermined: Audacious Inquiry (Baltimore health IT, acquired by PointClickCare 2021) vs an unidentified Chicago-area firm",,,,,,,The bare name 'Audacious' for a Riverwoods IL finance donor cannot be tied to the Baltimore Audacious Inquiry office in the published address or to any other firm.
113,AUTUMN COMMUNICATIONS INC,ambiguous,"Undetermined: Autumn Communications (PR agency, NY office 26 West 17th St, 4th Floor) vs a separate Autumn Communications, Inc.",,,,,autumncommunications.com agency page,https://www.autumncommunications.com/the-agency,"The PR agency's leadership list does not include the self-described owner/president, and New York has only the agency's California LLC on file, so which company this is cannot be decided; the Beverly Hills address is unverified."
114,AVANTUS,correct,"Avantus (clean energy developer, headquarters)","655 W Broadway, Suite 1550",San Diego,CA,92101,avantus.com contact page,https://avantus.com/contact-us,"Avantus lists only its San Diego headquarters, which matches the published address; there is no New Orleans office."
115,AVOQ,correct,"Avoq, LLC (headquarters)","1201 NY Ave. NW, Suite 900",Washington,DC,20005,LDA.gov lobbying registrant record (updated 2026-07-29),https://lda.gov/api/v1/registrants/?registrant_name=avoq,The lobbying registration confirms the DC headquarters; a Chicago office is reported for the Chicago co-founder but could not be verified because avoq.com was unreachable.
116,AWARD,not_found,Unidentified former employer named 'Award',,,,,,,"'Award' is a bare word carried over as a retiree's previous employer, and no specific organisation (or link to the published Philadelphia address) can be established."
117,AWS,correct,"Amazon Web Services, Inc.",410 Terry Avenue North,Seattle,WA,98109,AWS Customer Agreement contracting-party table,https://aws.amazon.com/agreement/,"Both donors work for AWS (one in data center engineering operations, one a tech executive), and AWS's legal address is 410 Terry Avenue North, Seattle."
118,AXA XL,corrected,AXA XL (Philadelphia office),"1600 Market Street, Suite 2050",PHILADELPHIA,PA,19103,AXA XL office locator,https://axaxl.com/search/locations?country=united-states,"The donor is AXA XL's head of pricing analytics and is based in Voorhees NJ. AXA XL has two Philadelphia-metro offices (1600 Market St and 505 Eagleview Blvd, Exton), so the nearer Philadelphia office replaces the Stamford CT home office."
119,AXCEL PARTNERS,home_based,Axcel Partners LLC (private investment partnership),,STEVENSON,MD,,"Directory/bio search snippets (ZoomInfo, Jewish Agency bio)",,"This is a one-principal private equity partnership that invests in Israeli tech. It has no public office, and the published Nacirema Ln address is on a residential lane. The axcel.partners website belongs to an unrelated consultancy."
120,AXOGEN,correct,"Axogen, Inc.","13631 Progress Blvd, Suite 400",ALACHUA,FL,32615,Axogen contact page,https://www.axogeninc.com/contact/,"The corporate HQ is confirmed. The official form adds Suite 400. Axogen also has a Tampa corporate campus, but there is no Georgia office."
121,BAIN & COMPANY,corrected,Bain & Company (Boston headquarters),350 Boylston Street,BOSTON,MA,02116,Bain & Company Boston office page,https://www.bain.com/offices/boston/,"Bain moved its Boston headquarters from 131 Dartmouth St to 350 Boylston St. The donors are spread across several metros (CA, TX, and one partner listed in Chicago), so the HQ is used."
122,BAIRD,correct,Robert W. Baird & Co.,777 East Wisconsin Avenue,MILWAUKEE,WI,53202,Baird business locations page,https://www.rwbaird.com/who-we-are/locations/,"The Milwaukee HQ is confirmed; the official listing has no suite. The donors are split between the NY and Chicago metros, so the HQ is kept."
123,BALFOUR,corrected,"Balfour Residential (Atlanta property management, affiliated with B. Wolf & Sons)",4488 N Shallowford Rd,ATLANTA,GA,30338,Birdeye business listing,https://reviews.birdeye.com/balfour-residential-164593623260394,"The published Austin TX address belongs to Balfour the class-ring maker, a different company. The Atlanta real-estate donor matches the president of Balfour Residential, a Wolf-family multifamily manager in Dunwoody."
124,"BANK OF NEW YORK MELLON, NA",corrected,BNY (The Bank of New York Mellon) - Philadelphia office,"1735 Market Street, 8th Floor",PHILADELPHIA,PA,19103,BNY Wealth Philadelphia location page,https://www.bny.com/wealth/global/en/about-us/locations/philadelphia.html,"The donor is a Philadelphia corporate-fiduciary officer. BNY has a Philadelphia office at BNY Mellon Center, so it replaces the 240 Greenwich St NYC global HQ."
125,BARNES & THORNBURG,corrected,Barnes & Thornburg LLP (Indianapolis headquarters),11 S. Meridian Street,INDIANAPOLIS,IN,46204,Barnes & Thornburg locations page,https://btlaw.com/en/locations,"The published 202 N Meridian St is wrong; the firm's HQ is 11 S Meridian St. The donors are spread across GA, IL, MN and TX offices, so the HQ is used."
126,"BARUCH COLLEGE, CITY UNIVERSITY OF NEW YORK",correct,"Baruch College, CUNY",One Bernard Baruch Way,NEW YORK,NY,10010,Baruch College contact page,https://www.baruch.cuny.edu/contact/,Confirmed as the official address; it is also written as 55 Lexington Avenue at 24th St.
127,BAY CHILDREN'S MEDICAL GROUP (BCMG),correct,BayChildren's Medical Group (part of UCSF Benioff Children's Physicians),"6425 Christie Avenue, Suite 220",EMERYVILLE,CA,94608,UCSF Benioff Children's Physicians - BCMG page,https://www.ubcp.org/ubcp/ubcp-baychildren-s-medical-group.aspx,The official page gives BCMG's main office as 6425 Christie Ave Ste 220. An older NPI record from 2015 shows 6475 Christie Ave Ste 300.
128,BAYBERRY CARE CENTER,correct,Bayberry Care Center (skilled nursing facility),40 Keogh Lane,NEW ROCHELLE,NY,10805,Bayberry Care Center contact page,https://bayberrycarecenter.com/contact/,Confirmed on the facility's own contact page; the donors are its owners.
129,BAYER,corrected,"Bayer Crop Science (Bayer U.S., St. Louis campus)",800 N. Lindbergh Blvd.,ST. LOUIS,MO,63167,Bayer Crop Science contact page,https://www.bayer.com/en/agriculture/contact-us-cropscience,"The donor is a software developer in University City MO. Bayer's St. Louis-area site (Crop Science North America HQ, Creve Coeur campus) fits better than the Whippany NJ US HQ."
130,BEELINE MOBILITY,correct,Beeline Mobility,8110 7th Ave S,SEATTLE,WA,98108,Beeline Mobility About Us page,https://beelinemobility.com/about-us/,"Confirmed on the official page, which lists the donor as the company's Chief Growth Officer. No Pennsylvania office was found."
131,BELKIN BURDEN GOLDMAN,corrected,"Belkin Burden Goldman, LLP","60 East 42nd Street, 16th Floor",NEW YORK,NY,10165,Belkin Burden Goldman contact page,https://bbgllp.com/contact-us-real-estate-lawyers/,The firm's only listed office is 60 E 42nd St; the published 476 5th Ave is not a current address.
132,BERRY GLOBAL,corrected,"Berry Global Group, Inc. (acquired by Amcor, April 2025)",101 Oakley Street,EVANSVILLE,IN,47710,SEC EDGAR - Berry Global Form SD,https://www.sec.gov/Archives/edgar/data/1378992/000137899224000041/formsd.htm,"The published 10100 Kincey Ave is not Berry's HQ. Berry's principal executive office is 101 Oakley St, Evansville, which remains a major Amcor site after the 2025 combination."
133,BETHESDA SOFTWORKS,correct,Bethesda Softworks LLC (ZeniMax Media / Microsoft),"1370 Piccard Drive, Suite 120",ROCKVILLE,MD,20850,ZeniMax Impressum (official),https://www.zenimax.com/en/legal/impressum,"The official impressum lists Bethesda Softworks LLC at 1370 Piccard Drive, Rockville. BBB's ZeniMax listing shows Ste 120. The donor lives in the same DC metro."
134,BITDEFENDER INC,correct,Bitdefender Inc.,"6301 NW 5th Way, Suite 4300",FORT LAUDERDALE,FL,33309,Bitdefender company page,https://www.bitdefender.com/en-us/company/,"Fort Lauderdale is one of Bitdefender's two official US offices; the North America HQ is 111 W Houston St Ste 2105, San Antonio TX. No California office is listed for this San Francisco-based seller."
135,BLEAKLEY FINANCIAL GROUP,corrected,Bleakley Financial Group LLC (dba OnePoint BFG Wealth Partners),"300 Kimball Drive, Suite 310",PARSIPPANY,NJ,07054,OnePoint BFG Wealth Partners locations page,https://www.onepointbfg.com/locations,"The firm now operates as OnePoint BFG and its HQ is 300 Kimball Dr (earlier 100 Passaic Ave, Fairfield). The published 9 Campus Dr is outdated. There is no Connecticut office; the donor's ADV lists a home office, which was not used."
136,BLUMBERG CAPITAL,corrected,Blumberg Capital (San Francisco headquarters),432 Bryant Street,SAN FRANCISCO,CA,94107,Blumberg Capital team page (office list),https://blumbergcapital.com/team/,"The published 580 California St is wrong; the HQ is 432 Bryant St. Donors are in NY and Miami. The firm also lists 575 Lexington Ave NY and a Sunny Isles Beach unit, but the HQ is used."
137,BOSPAR,not_found,Bospar (all-remote PR agency),,,,,Bospar locations page,https://bospar.com/about-us/locations/,"Bospar has been fully remote since it was founded and publishes city names only, with no street office. The published 260 California St Ste 450 could not be confirmed."
138,BOSTON BEER COMPANY,correct,"The Boston Beer Company, Inc.","One Design Center Place, Suite 850",BOSTON,MA,02210,SEC EDGAR company record (business address),https://data.sec.gov/submissions/CIK0000949870.json,"The principal executive office is confirmed by 2026 SEC filings; the exact form adds Suite 850. There is no Kansas office, so the HQ is kept."
139,BRAINFUSE,correct,Brainfuse (online tutoring),271 Madison Avenue,NEW YORK,NY,10016,Brainfuse contact page,https://www.brainfuse.com/company/contactus.asp,Confirmed on the company's own contact page.
140,BRAVO,corrected,"Bravo Messenger Service (Fair Lawn, NJ courier)",5-11 Saddle River Rd,FAIR LAWN,NJ,07410,Bravo Messenger Service website,https://bravomessenger.com/,"The published 30 Hudson Yards is NBCUniversal's Bravo TV, the wrong company. Business profiles show the donor is a partner at Bravo Messenger Service, a North Jersey courier."
141,BRIDGE 360,ambiguous,Unresolved: Bridge360 (Austin software developer) vs Bridge360 (bridge360.us consultancy),,,,,Bridge360 consultancy site,https://bridge360.us/,"Nothing links this retired Long Island advisor to Bridge360 of Austin, a software shop that MapQuest marks as closed. The bridge360.us trade/finance consultancy publishes no address, so neither candidate can be confirmed."
142,BRIDGE INVESTMENT GROUP,corrected,Bridge Investment Group (Charlotte office),"6836 Carnegie Blvd, Suite 300",CHARLOTTE,NC,28211,Bridge Investment Group contact page,https://www.bridgeig.com/contact,"The donor is in Charlotte, where Bridge has an office. The HQ is 111 E Sego Lily Dr Ste 400, Salt Lake City (Sandy) UT 84070."
143,BRIGADE CAPITAL MANAGEMENT,corrected,"Brigade Capital Management, LP","399 Park Avenue, 16th Floor",NEW YORK,NY,10022,"SEC EDGAR company record (business address, Aug 2026 filing)",https://data.sec.gov/submissions/CIK0001421306.json,"The published 437 Madison Ave is outdated; current SEC filings give 399 Park Ave, 16th Floor."
144,BUILDING OWNERS AND MANAGERS ASSOCIATION,corrected,BOMA Greater Los Angeles (BOMA/GLA),"700 South Flower, Suite 1000",LOS ANGELES,CA,90017,BOMA Greater Los Angeles contact page,https://www.bomagla.org/contact-us,"The donor is BOMA/GLA's Director of Government and Public Affairs, not a BOMA International employee. The DC address is BOMA International."
145,C3 RISK & INSURANCE SERVICES,corrected,C3 Risk & Insurance Services (San Diego headquarters),"404 Camino del Rio South, Suite 410",SAN DIEGO,CA,92108,C3 Risk & Insurance Services contact page,https://www.c3insurance.com/contact,"The published Southlake TX address is wrong; C3's HQ is in San Diego, which is also where the donor lives."
146,CANYONMD,correct,"CanyonMD (CanyonMD Billing, LLC)",347 5th Ave,NEW YORK,NY,10016,Salary.com company overview,https://www.salary.com/research/company/canyonmd-overview,This NYC medical-billing firm is linked to the donor through a 2022 court filing. A snippet of that 2022 complaint gives Suite 709 at 347 Fifth Ave; the company's own site lists no address.
147,CAPALINO,corrected,Capalino (Capalino+Company),"233 Broadway, Suite 710",NEW YORK,NY,10279,Capalino contact page (Wayback capture 2025-09-16),http://web.archive.org/web/20250916014109/https://www.capalino.com/contact/,"The donor is a principal at this NYC urban-strategy firm. Its official contact page lists the Woolworth Building, not 100 Church St. The live site currently has an expired SSL certificate, so the source is the archived page."
148,CAPITAL ONE FINANCIAL,corrected,Capital One (New York office),299 Park Avenue,NEW YORK,NY,10171,Capital One Careers - New York locations,https://www.capitalonecareers.com/new-york/,"The donor is an investment banker on Long Island, so Capital One's Manhattan office fits better than the McLean VA HQ. FINRA lists Capital One Securities at the same address, 28th Floor."
149,CARYN GROEDEL & ASSOCIATES CO LPA,corrected,"Caryn Groedel & Associates Co., LPA","31340 Solon Road, Suite 27",SOLON,OH,44139,Caryn Groedel & Associates website,https://caryngroedellaw.com/,"The street number is 31340, not 31300. The firm writes its city as Cleveland, but ZIP 44139 is Solon. Its old groedel-law.com domain is now parked."
150,CASPER SLEEP,corrected,Casper Sleep Inc. (now part of Carpenter Co.),"196 Mercer Street, Ground Floor",NEW YORK,NY,10012,Casper Terms of Service (contact section),https://casper.com/pages/terms,Casper left its 3 World Trade Center (175 Greenwich St) office. Its current terms and privacy policy give 196 Mercer St as the corporate contact address.
151,CASSIDY TURLEY,not_found,"Cassidy Turley (defunct; merged into DTZ in 2015, now Cushman & Wakefield)",,,,,Wikipedia - Cassidy Turley,https://en.wikipedia.org/wiki/Cassidy_Turley,"The firm stopped existing when DTZ completed its acquisition in January 2015, and it has no current office. The published DC address was also the wrong metro for these San Francisco donors."
152,CATALIS,correct,Catalis (government software; parent of TurboCourt),"3025 Windward Plaza, Ste 200",ALPHARETTA,GA,30005,Catalis website footer,https://catalisgov.com/,The donor is a TurboCourt/Catalis sales executive. The official US address matches the published one.
153,CAULIPOWER,not_found,"CAULIPOWER, LLC",,,,,CAULIPOWER LinkedIn company page,https://www.linkedin.com/company/caulipower,"The company lists only a virtual mailbox (7610 Beverly Blvd #480529, Los Angeles 90048). Older registry listings show 16200 Ventura Blvd Ste 400, Encino, and the published San Diego address could not be confirmed as an office."
154,CBIZ,corrected,"CBIZ, Inc. (headquarters)","5959 Rockside Woods Blvd N., Suite 600",INDEPENDENCE,OH,44131,"SEC EDGAR company record (business address, Sep 2026 filing)",https://data.sec.gov/submissions/CIK0000944148.json,"The published 6055 Rockside Woods Blvd Ste 200 is CBIZ's former HQ. The six donors are spread across NY, PA and CA, so the current HQ is used."
155,CCG / ALTERITY CAPITAL,correct,"Comer Capital Group, LLC (CCG) / Alterity Capital","1880 Lakeland Drive, Suite C",JACKSON,MS,39216,"SEC Form MA-A (municipal advisor registration, Jan 2024)",https://www.sec.gov/Archives/edgar/data/1616021/000161602124000002/xslFormMA_X01/primary_doc.xml,"The donor founded CCG and co-leads Alterity. CCG's SEC-registered principal office is the published Jackson address. Alterity publishes no address, and no Chicago office is listed."
156,CEDAR,correct,"Cedar Cares, Inc. (healthcare financial-experience platform)","32 6th Avenue, 18th Floor",NEW YORK,NY,10013,Cedar website footer,https://www.cedar.com/,The donor is Cedar's VP of Product Marketing and works remotely from the DC area. The company's official address matches the published one.
157,CEDAR REALTY,correct,"Cedar Realty Trust, Inc. (wholly owned subsidiary of Wheeler REIT)",2529 Virginia Beach Blvd.,Virginia Beach,VA,23452,Cedar Realty Trust investor relations - company information (also SEC EDGAR business address),https://ir.cedarrealtytrust.com/company-information,Cedar moved its head office from Port Washington NY to Wheeler REIT's office after Wheeler bought it in 2022; the address we publish is its current office per its IR site and SEC filings.
158,CENTENE,correct,Centene Corporation,"Centene Plaza, 7700 Forsyth Boulevard",St. Louis,MO,63105,Centene contact page,https://www.centene.com/contact.html,"Centene's global headquarters; the site gives no street address for California offices, so the headquarters is the best fit for a California clinical employee."
159,CENTERBASE LLC,correct,"Centerbase, LLC (legal practice-management software)","8350 N. Central Expressway, Suite 1950",Dallas,TX,75206,BBB business profile,https://www.bbb.org/us/tx/dallas/profile/information-technology-services/centerbase-0875-90936050,"BBB lists Suite 1950, matching what we publish; the ALA directory shows the same building as Suite 1900 PMB #3266, which suggests part of the address is a mailbox; the donor works remotely for this Dallas firm."
160,CENTRA HEALTH,corrected,"Centra Health, Inc. (Lynchburg VA health system)",1920 Atherholt Road,Lynchburg,VA,24501,Lynchburg Regional Chamber member directory (BBB profile agrees),https://business.lynchburgregion.org/list/member/centra-300,"The donor is confirmed as legal-services counsel at Centra Health; its corporate address is 1920 Atherholt Road, and no Centra site was found at 1401 Wicker Dr."
161,CHABAD,generic_no_office,Chabad-Lubavitch movement (separate local Chabad centers),,,,,,,"The three rabbis live in Utah, Texas and California and each works for a separately run local Chabad center, not the Brooklyn world headquarters, so 'Chabad' has no single meaningful office."
162,CHANNEL FACTORY,correct,Channel Factory (YouTube brand-safety / contextual video ad-tech),"17700 Castleton Street, Suite 406",City of Industry,CA,91748,Channel Factory official contact page,https://www.channelfactory.com/contact-us,The official site lists this as corporate headquarters; no Florida office was found for the Latin America managing director.
163,CHARLES & LYNN SCHUSTERMAN FAMILY PHILANTHROPIES,corrected,Charles and Lynn Schusterman Family Philanthropies (Foundation),"110 West 7th Street, Suite 2000",Tulsa,OK,74119,GLEIF LEI record (Bloomberg LEI) - headquarters address,https://lei.bloomberg.com/leis/view/549300FHRTFMWVDRET28,"The foundation has no Oklahoma City office; its headquarters is in Tulsa (LEI record last updated 2023; public mailing address PO Box 51, Tulsa); it has a DC office that would fit the Maryland-based president better, but no official street address is published (aggregators show 800 8th St NW, which is Hillel's building)."
164,CHARLES RIVER ASSOCIATES,correct,Charles River Associates (CRA International),200 Clarendon Street,Boston,MA,02116,CRA Boston office page,https://www.crai.com/locations/boston/,"CRA's world headquarters; the site gives no floor, so '54th floor' could not be confirmed; there is no Connecticut office."
165,CHASE,corrected,JPMorgan Chase & Co.,270 Park Avenue,New York,NY,10017,JPMorganChase newsroom - new global HQ opening (SEC EDGAR address agrees),https://www.jpmorganchase.com/newsroom/stories/jpmc-celebrates-new-global-hq-at-270-park-ave,"383 Madison Ave was the temporary headquarters; JPMorganChase opened its new global headquarters at 270 Park Avenue in October 2025, and SEC filings now list that address."
166,CHATHAM FINANCIAL,corrected,Chatham Financial Corp.,235 Whitehorse Lane,Kennett Square,PA,19348,BBB business profile,https://www.bbb.org/us/pa/kennett-sq/profile/financial-services/chatham-financial-corp-0241-172443679,"The donor leads Chatham Financial's investment banking practice; the firm is headquartered in Kennett Square, and no Chatham office at 2000 Market St Philadelphia or in Florida was found."
167,CHICOS FAS,correct,"Chico's FAS, Inc. (Chico's)",11215 Metro Parkway,Fort Myers,FL,33966,Chico's contact page,https://www.chicos.com/store/page/contact-us,Chico's corporate address is unchanged since it went private under Sycamore in 2024.
168,CHIEF EXECUTIVE GROUP,correct,"Chief Executive Group, LLC (Chief Executive magazine / Corporate Board Member)","100 Westwood Pl, Suite 445",Brentwood,TN,37027,Chief Executive Group official contact page,https://www.chiefexecutivegroup.com/contact-us/,The company's own contact page lists the Brentwood TN office (older directories show Stamford CT); the donors are the company's executives.
169,CHILDREN'S LAW CENTER,corrected,Children's Law Center of California,101 Centre Plaza Drive,Monterey Park,CA,91754,Children's Law Center of California contact page,https://www.clccal.org/get-involved/contact/,"A Los Angeles-area attorney fits the California organisation's Los Angeles office, not the similarly named Children's Law Center in Washington DC whose address we publish now."
170,CHILDRENS MEDICAL CENTER,corrected,"Children's Medical Center (pediatric practice, Hollywood FL)","4651 Sheridan St, Suite 270",Hollywood,FL,33021,CMS NPPES NPI Registry (organisation record),https://npiregistry.cms.hhs.gov/api/?version=2.1&postal_code=33021&enumeration_type=NPI-2&organization_name=child*,"The employer is a local pediatric practice registered as CHILDRENS MEDICAL CENTER in Hollywood FL, the same suite as the donor's own practice record, not Children's Medical Center Dallas; the registry entry dates from 2008 but is still active."
171,CIENA,correct,Ciena Corporation,7035 Ridge Road,Hanover,MD,21076,SEC EDGAR company record (business address),https://data.sec.gov/submissions/CIK0000936395.json,Ciena's headquarters per current SEC filings; no Sacramento office was found.
172,CISCO SYSTEMS,correct,"Cisco Systems, Inc.",170 West Tasman Drive,San Jose,CA,95134,SEC EDGAR company record (business address),https://data.sec.gov/submissions/CIK0000858877.json,"Cisco's headquarters per current SEC filings; the donors are in two different states, so the headquarters is used."
173,CITADEL,correct,Citadel (Citadel Advisors LLC / Citadel Securities),830 Brickell Plaza,Miami,FL,33131,SEC EDGAR - Citadel Advisors LLC business address,https://data.sec.gov/submissions/CIK0001423053.json,"Both Citadel Advisors and Citadel Securities list 830 Brickell Plaza, Miami in SEC filings; a New York office would suit the NY/CT donors better, but Citadel's site blocks automated access, so its street address could not be checked."
174,CITI,correct,Citigroup Inc.,388 Greenwich Street,New York,NY,10013,SEC EDGAR company record (business address),https://data.sec.gov/submissions/CIK0000831001.json,Citigroup's global headquarters per current SEC filings; it fits the NJ/CT donors.
175,CITIBANK,correct,"Citibank, N.A. (Citigroup Inc.)",388 Greenwich Street,New York,NY,10013,SEC EDGAR - Citigroup Inc. business address,https://data.sec.gov/submissions/CIK0000831001.json,"Citibank is run from Citigroup's New York headquarters, which fits the NJ/CT bankers."
176,CLEARLYDERM,corrected,"Clearly Derm LLC (ClearlyDerm dermatology, now part of Schweiger Dermatology Group)","13-15 West 27th Street, Suite 1100",New York,NY,10001,Florida Division of Corporations (Sunbiz) entity detail,https://search.sunbiz.org/Inquiry/CorporationSearch/SearchResultDetail?inquirytype=EntityName&directionType=Initial&searchNameOrder=CLEARLYDERM%20L100000880942&aggregateId=flal-l10000088094-6d921cc8-b86a-40a2-ab7d-36bdc1e52690&searchTerm=CLEARLYDERM&listNameOrder=CLEARLYDERM%20L100000880942,"ClearlyDerm began in Boca Raton and now belongs to Schweiger Dermatology Group; the LLC's registered principal address changed in March 2026 to 13-15 W 27th St (the 33 E 33rd St address we publish is out of date); its Boca clinics now carry the Schweiger name, so the registry head office is used."
177,CLEERLY,correct,"Cleerly, Inc. (AI cardiac imaging)","1099 18th St., Suite 2860",Denver,CO,80202,openFDA 510(k) database - applicant address (July 2026 clearances),https://api.fda.gov/device/510k.json?search=applicant:cleerly&limit=10&sort=decision_date:desc,"Cleerly's July 2026 FDA filings use this Denver address; its site lists teams in New York, Denver and remote staff, so the Dallas-based attorney works remotely."
178,CLOUDERA,corrected,"Cloudera, Inc.","6220 America Center Dr, 5th Floor",San Jose,CA,95002,Cloudera global locations page,https://www.cloudera.com/about/locations.html,Cloudera's own locations page lists San Jose as its only California office and no longer mentions Santa Clara or Great America Parkway; there is no Massachusetts office listed.
179,CME GROUP,correct,CME Group Inc.,20 South Wacker Drive,Chicago,IL,60606,SEC EDGAR company record (business address),https://data.sec.gov/submissions/CIK0001156375.json,CME Group's headquarters per current SEC filings; 'CME Center' is just the building name.
180,COLDWELL BANKER REALTY,correct,Coldwell Banker Realty (Anywhere Real Estate brokerage),175 Park Ave,Madison,NJ,07940,Coldwell Banker Realty official site (organisation address in page metadata),https://www.coldwellbankerhomes.com/,"The official site gives 175 Park Ave, Madison NJ as the organisation address; the agents work from local branches in several states, so headquarters is used."
181,COLLIERS,corrected,Colliers (South Florida - Boca Raton office),"2385 NW Executive Center Drive, Suite 350",Boca Raton,FL,33431,Colliers South Florida offices page,https://www.colliers.com/en/united-states/cities/ft-lauderdale,"Both donors live in Boca Raton / Delray Beach, and Colliers has a Boca Raton office, so that fits better than the Seattle address we publish now."
182,COLUMBUS CONSULTING GROUP,not_found,"Columbus Consulting Group (the San Carlos CA-based CEO's firm, unidentified)",,,,,Columbus Consulting (Columbus OH) leadership page - different firm,https://www.columbusconsulting.com/our-team/,"The well-known Columbus Consulting (4200 Regent St, Columbus OH) has a different CEO, so it is not the donor's firm; no reliable public office was found for a Columbus Consulting Group matching a California CEO, and the NYC address we publish could not be confirmed."
183,COMCAST,correct,Comcast Corporation,"One Comcast Center, 1701 John F. Kennedy Boulevard",Philadelphia,PA,19103,SEC EDGAR company record (business address),https://data.sec.gov/submissions/CIK0001166691.json,"SEC filings list One Comcast Center, Philadelphia, and exhibits to Comcast's 2026 10-K use 1701 John F. Kennedy Boulevard."
184,COMPASS LEXECON,corrected,Compass Lexecon (Chicago office),"180 North Stetson Avenue, Suite 5300",Chicago,IL,60601,Compass Lexecon official office data (site API),https://www.compasslexecon.com/api/offices.json,An Illinois economist fits Compass Lexecon's Chicago office rather than the DC office we publish now (the DC address itself is still valid).
185,COOPER COMMUNICATIONS,not_found,Cooper Communications (the Encino CA owner's own PR / marketing firm),,,,,,,"The donor lists himself as owner of a PR firm with his own surname in the Encino area; no public office was found (the obvious domains are parked), and the NYC address we publish cannot be tied to this firm."
186,COOPER UNIVERSITY HOSPITAL,correct,Cooper University Hospital (now branded Cooper Norcross University Hospital),One Cooper Plaza,Camden,NJ,08103,Cooper Norcross Health contact page,https://www.cooperhealth.org/contact-us,"The official mailing address for the hospital, now branded Cooper Norcross, is unchanged; it fits the Philadelphia-area staff."
187,COPADO INC,corrected,"Copado, Inc.","200 E Randolph St, Suite 6675",Chicago,IL,60601,Copado contact page - 'Chicago (HQ)',https://www.copado.com/contact-us,"The contact page marks 200 E Randolph St Ste 6675 as the Chicago headquarters, while the site footer still shows the old 330 N Wabash Ave Fl 23 address."
188,COPS MONITORING,correct,COPS Monitoring,"1041 Glassboro Rd., Suite F2",Williamstown,NJ,08094,COPS Monitoring contact page - National Headquarters,https://www.copsmonitoring.com/contact,The company lists this as its national headquarters' physical address (mail goes to PO Box 836).
189,COREVEST,correct,CoreVest American Finance Lender (Redwood Trust subsidiary),"4 Park Plaza, Suite 900",Irvine,CA,92614,Redwood Trust FY2025 Form 10-K - primary office locations,https://www.sec.gov/Archives/edgar/data/930236/000093023626000007/rwt-20251231.htm,"Redwood Trust's 2025 10-K lists 4 Park Plaza Suite 900, Irvine (CoreVest) among its main offices; CoreVest is the only organisation found under this name, but whether the Michigan-based executive works there is not independently confirmed."
190,CORNERSTONE GOVERNMENT AFFAIRS,corrected,Cornerstone Government Affairs,"800 Maine Avenue SW, 7th Floor",Washington,DC,20024,Cornerstone Government Affairs contact page,https://cgagroup.com/contact/,"Headquarters moved from 1627 I St NW to 800 Maine Ave SW; the donors are split between Cornerstone's Iowa office (212 East 3rd St, Floor 2, Des Moines IA 50309) and its Illinois offices (300 E Monroe St Suite 20D, Springfield IL 62701, plus Chicago), so the headquarters is used."
191,COVETRUS,corrected,Covetrus (Covetrus - Arizona location),"2401 West Grandview Rd, Suite 100",Phoenix,AZ,85023,Covetrus contact page - office directory,https://covetrus.com/contact/,"Covetrus's headquarters is 12 Mountfort St, Portland ME (the address we publish is valid), but its office directory lists a Phoenix site, which fits a Scottsdale-based compounding-division executive better."
192,COX COMMUNICATIONS,correct,Cox Communications (now part of Charter Communications),6205-B Peachtree Dunwoody Road NE,Atlanta,GA,30328,"Charter 8-K exhibit 4.2 - Cox Communications supplemental indenture dated Aug 24, 2026",https://www.sec.gov/Archives/edgar/data/1091667/000110465926100972/tm2623711d1_ex4-2.htm,"Charter completed its combination with Cox on Aug 19, 2026, and an Aug 24, 2026 filing still gives Cox's principal executive office as 6205-B Peachtree Dunwoody Rd; the Tucson market office would fit better, but cox.com blocks automated access."
193,CRESA,corrected,Cresa (Bethesda MD office),"2 Bethesda Metro Center, Suite 900",Bethesda,MD,20814,Cresa Bethesda office page,https://www.cresa.com/Locations/North-America/Maryland/Bethesda-MD,A Bethesda-based adviser fits Cresa's Bethesda office rather than the Chicago headquarters we publish now.
194,CUMMING GROUP,corrected,Cumming Group (San Francisco office),"475 Sansome Street, Suite 700",San Francisco,CA,94111,Cumming Group locations page,https://cumming-group.com/en/locations/,A construction manager in Marin County fits Cumming's San Francisco office rather than the New York office we publish now.
195,CUSHMAN & WAKEFIELD,correct,Cushman & Wakefield,"225 West Wacker Drive, Suite 3000",Chicago,IL,60606,Cushman & Wakefield Chicago office page,https://www.cushmanwakefield.com/en/united-states/offices/chicago,"This is Cushman & Wakefield's Chicago headquarters (its SEC legal address is in Bermuda); the donors work in several states (CA, MD, NJ), so the headquarters is used."
196,CUTLER MANAGEMENT CORP,correct,"Cutler Management Corp. (commercial real estate management/development, Worcester MA)",43 Harvard Street,WORCESTER,MA,01609,Cutler Management official contact page,https://www.cutlermanagement.com/contact.html,"The company's official site lists 43 Harvard Street, Worcester. The donor files from Florida, but the firm's only office is in Worcester."
197,CVS HEALTH,correct,CVS Health Corporation,One CVS Drive,WOONSOCKET,RI,02895,SEC EDGAR company record (CVS Health Corp),https://www.sec.gov/cgi-bin/browse-edgar?action=getcompany&CIK=0000064803&type=10-K&dateb=&owner=include&count=10,"Donors are spread over FL, VA and NY in different roles, so the headquarters fits best; EDGAR confirms One CVS Dr, Woonsocket."
198,CYBERHAVEN,corrected,"Cyberhaven, Inc. (Austin office)",1306 W Oltorf St,AUSTIN,TX,78704,Cyberhaven official contact page (office locations),https://www.cyberhaven.com/contact,"The published Palo Alto address is no longer on the company's list of offices. The donor is in Austin, where Cyberhaven lists an office at 1306 W Oltorf St."
199,D&H,ambiguous,Unresolved: D&H Distributing (Harrisburg PA) vs an unidentified local 'D&H' business in South Florida,,,,,D&H Distributing headquarters page (candidate),https://www.dandh.com/techdrive/,"The published 350 Highland Dr, Camp Hill address does not belong to D&H Distributing, whose HQ is 100 Tech Drive, Harrisburg. A D&H co-president shares the donor's name, but this donor filed as RETIRED in 2025 and then as MANAGER from Boca Raton, which does not fit an active co-president, so the organisation cannot be settled."
200,DALET,correct,Dalet Digital Media Systems USA (Americas HQ),"88 Pine Street, 8th Floor",NEW YORK,NY,10005,Dalet official offices page,https://www.dalet.com/offices/,"Dalet has no Florida office, and its Americas HQ at 88 Pine Street, 8th floor, New York is the office that fits a Miami business-development donor."
201,DANLY,corrected,Danly Properties (Austin commercial real estate investment/development firm),"1905 Aldrich St., Suite 201",AUSTIN,TX,78723,Danly Properties official website,https://www.danlyproperties.com/,"This is Danly Properties, an Austin real estate investor founded in 1990, not the Danly die-set brand of Dayton Lamina (500 Progress Rd, Dayton). The firm's current office is on Aldrich St in the Mueller district."
202,"DAVID DANIEL, M.D. PC",home_based,David Daniel MD PC (physician's own professional corporation),,FAR ROCKAWAY,NY,11691,NPPES NPI registry record for David Daniel MD PC,https://npiregistry.cms.hhs.gov/api/?version=2.1&number=1760884019,"The published street is exactly the donor's own filing address, so this is a one-physician PC run from home and no street should be published; the NPI record only shows an old 2014 Bronx location."
203,DAVID G HELLER MD,correct,"David G. Heller, MD (orthopaedic surgery practice)",541 Main St,SOUTH WEYMOUTH,MA,02190,"NPPES NPI registry (NPI 1699761825, updated 2026-07-13)",https://npiregistry.cms.hhs.gov/api/?version=2.1&first_name=David&last_name=Heller&state=MA&limit=50,"The NPI registry, updated 2026, lists the practice at 541 Main St, South Weymouth; it shows no suite, so the published 'Ste 104' is not confirmed."
204,DAVIS WRIGHT TREMAINE,corrected,Davis Wright Tremaine LLP (New York office),"1251 Avenue of the Americas, 42nd Floor",NEW YORK,NY,10020,Davis Wright Tremaine official New York office page,https://www.dwt.com/offices/new-york,"Most of these lawyers file from New York, with one in Los Angeles and none in Seattle, so the firm's New York office fits better than the Seattle HQ we publish now."
205,DCPS,correct,District of Columbia Public Schools (central office),1200 First Street NE,WASHINGTON,DC,20002,DCPS official offices page,https://dcps.dc.gov/page/dcps-offices,"A school speech-language pathologist living in Arlington VA fits DC Public Schools, whose central office is 1200 First Street NE."
206,DEEL,corrected,"Deel, Inc. (global payroll / employer-of-record company)",425 1st Street,SAN FRANCISCO,CA,94105,"GLEIF LEI record for Deel, Inc. (via Bloomberg LEI)",https://lei.bloomberg.com/leis/view/549300IFGBDZQE2NZG16,"Deel's LEI registration and BBB profile both give its headquarters as 425 1st Street, San Francisco, not the published 300 Brannan St. The donors are remote workers in FL and WA."
207,DELL,correct,Dell Technologies Inc.,One Dell Way,ROUND ROCK,TX,78682,SEC EDGAR company record (Dell Technologies Inc.),https://www.sec.gov/cgi-bin/browse-edgar?action=getcompany&CIK=0001571996&type=10-K&dateb=&owner=include&count=10,"The donors are in IL, UT and FL with no common local office, so the headquarters at One Dell Way (confirmed by EDGAR) is the best fit."
208,DELOITTE TAX LLP,corrected,"Deloitte Tax LLP, Washington DC office (Washington National Tax)",1299 Pennsylvania Avenue NW,WASHINGTON,DC,20004,Deloitte official Washington DC office page,https://www.deloitte.com/us/en/offices/us-locations/washington-dc-12-St.html,"The donor is a Washington National Tax principal living in Potomac MD, so Deloitte's DC office fits, not the New York office at 30 Rockefeller Plaza."
209,DELPHI,corrected,Aptiv (formerly Delphi Automotive's Electronics & Safety business),5725 Innovation Drive,TROY,MI,48098,Aptiv official Equal Employment Opportunity page,https://www.aptiv.com/en/equal-employment-opportunity,"The donor is a reliability engineering leader who has moved from Delphi Electronics & Safety to Aptiv, the company it became in 2017. Aptiv's Troy office is the same building as before, but the street is now called 5725 Innovation Drive instead of Delphi Dr; no street address for the Kokomo site could be verified."
210,DENTONS,corrected,Dentons US LLP (Chicago office),"233 South Wacker Drive, Suite 5900",CHICAGO,IL,60606,Dentons official Chicago office page,https://www.dentons.com/en/global-presence/united-states/chicago,"Four of seven donors are in the Chicago area (two in Birmingham, likely Dentons Sirote, and one in VA), so the Chicago office fits better than New York's 1221 Avenue of the Americas."
211,DEPARTMENT OF THE ARMY - WHITE SANDS MISSILE RANGE,correct,U.S. Army White Sands Missile Range (installation),WHITE SANDS MISSILE RANGE,WHITE SANDS MISSILE RANGE,NM,88002,Military Times Installation Guide - U.S. Army Garrison White Sands Missile Range,https://installationguide.militarytimes.com/installation_service/u-s-army-garrison-white-sands-missile-range/?query-21-page=3,"This is one Army installation with its own ZIP (WSMR, NM 88002), and the installation-level location is right. The only street address found is the garrison welcome center (Bldg 329 Owen Rd), which is not where an engineer works, so no building is given."
212,DEPT OF VETERANS AFFAIRS,generic_no_office,U.S. Department of Veterans Affairs (federal department as a whole),,,,,,,"These physicians work at different VA facilities in CA, FL, PA and NY; the name is the whole federal department, so the DC headquarters address is not their office."
213,DERMATOLOGISTS OF CENTRAL STATES,corrected,Associated Dermatologists (Michigan affiliate of DOCS - Dermatologists of Central States),"6330 Orchard Lake Rd, Suite 120",WEST BLOOMFIELD,MI,48322,Associated Dermatologists (DOCS affiliate) West Bloomfield office page,https://michderm.com/locations/west-bloomfield-office,"The donor practises at DOCS's Michigan affiliate, Associated Dermatologists, in West Bloomfield/Novi/Farmington Hills, not at the Ohio office in Blue Ash."
214,DETROIT PISTONS BASKETBALL CLUB,corrected,"Detroit Pistons (team offices at the Pistons Performance Center, Detroit)",6201 2nd Ave,DETROIT,MI,48202,ProPublica Nonprofit Explorer (IRS data) - Detroit Pistons Foundation address,https://projects.propublica.org/nonprofits/api/v2/organizations/382858649.json,"The team left Auburn Hills after the 2016-17 season, so the published Auburn Hills address is outdated. The team's foundation (IRS data, via ProPublica) is at 6201 2nd Ave, Detroit, the practice-facility site; the team's own website does not show a street address."
215,DICKINSON WRIGHT,corrected,Dickinson Wright PLLC (Fort Lauderdale office),"350 East Las Olas Boulevard, Suite 1750",FORT LAUDERDALE,FL,33301,Dickinson Wright official offices page,https://www.dwlaw.com/offices,"The donor is a lawyer in Boca Raton, and the firm's Florida office is Ft. Lauderdale, 350 E Las Olas Blvd Suite 1750, not the Detroit HQ."
216,DICKS SPORTING GOODS,correct,"DICK'S Sporting Goods, Inc.",345 Court Street,CORAOPOLIS,PA,15108,SEC EDGAR company record (Dick's Sporting Goods),https://www.sec.gov/cgi-bin/browse-edgar?action=getcompany&CIK=0001089063&type=10-K&dateb=&owner=include&count=10,"The donor is a chief marketing officer, which is an HQ role; EDGAR confirms 345 Court Street, Coraopolis."
217,DISCOVER VISION CENTERS,correct,Discover Vision Centers (Kansas City area eye practice),4741 S Cochise Dr.,INDEPENDENCE,MO,64055,Discover Vision Centers physician profile / locations page,https://www.discovervision.com/eye-doctor/john-f-doane-m-d/,The donor's profile lists two practice sites: the Independence MO eye care center at the published address and the Leawood KS surgery center (11500 Granada Lane). The published address is right.
218,DLR GROUP,corrected,DLR Group (Los Angeles office),"700 South Flower St., 22nd Floor",LOS ANGELES,CA,90017,DLR Group official locations page,https://www.dlrgroup.com/firm/locations/,"The donor is in South Pasadena, and DLR Group has a Los Angeles office at 700 S Flower St, which fits better than the Omaha office."
219,DOLLARTREE,correct,"Dollar Tree, Inc.",500 Volvo Parkway,CHESAPEAKE,VA,23320,"SEC EDGAR company record (Dollar Tree, Inc.)",https://www.sec.gov/cgi-bin/browse-edgar?action=getcompany&CIK=0000935703&type=10-K&dateb=&owner=include&count=10,"The donor is a store cashier and the individual store cannot be identified, so the corporate HQ is used; EDGAR confirms 500 Volvo Parkway."
220,DOORDASH,correct,"DoorDash, Inc.","303 2nd Street, South Tower, 8th Floor",SAN FRANCISCO,CA,94107,"SEC EDGAR company record (DoorDash, Inc.)",https://www.sec.gov/cgi-bin/browse-edgar?action=getcompany&CIK=0001792789&type=10-K&dateb=&owner=include&count=10,"The two donors are in CT and WA with no shared metro office, so the HQ is used; EDGAR gives the exact form as South Tower, 8th Floor."
221,DORA'S NATURALS,correct,Dora's Naturals (natural foods distributor),21 Empire Blvd,SOUTH HACKENSACK,NJ,07606,Dora's Naturals official website,https://www.dorasnaturals.com/,"The company's website confirms its headquarters and distribution facility at 21 Empire Blvd, South Hackensack, in the donor's NYC metro area."
222,DOUBLE RAINBOW,ambiguous,Unresolved: Double Rainbow ice cream company (San Francisco) vs an unidentified Ohio entity,,,,,,,"The donor is a company president in Shaker Heights OH. Nothing ties them to the San Francisco ice cream brand behind the published SF address, and no Ohio 'Double Rainbow' entity could be verified (the registry lookup was CAPTCHA-blocked)."
223,DOUGLAS LEGUM DEVELOPMENT,not_found,Legum Development / Douglas Legum Development (Bethesda-area real estate developer),,,,,Legum Development official website,https://www.legumdevelopment.com/,"The firm's current and archived websites give only an email address (and an old phone number), never a street office. The carried-over 6901 Rockledge Dr Ste 650 address could not be confirmed by any source."
224,DOWD BENNETT LLP,corrected,Dowd Bennett LLP (St. Louis headquarters),"7676 Forsyth Blvd., Suite 1900",SAINT LOUIS,MO,63105,Dowd Bennett official office locations page,https://www.dowdbennett.com/contact/,"The firm's St. Louis HQ is now 7676 Forsyth Blvd Suite 1900, not 7733 Forsyth. It has no South Carolina office, so the HQ is used."
225,DRAFTKINGS,correct,DraftKings Inc.,222 Berkeley Street,BOSTON,MA,02116,SEC EDGAR company record (DraftKings Inc.),https://www.sec.gov/cgi-bin/browse-edgar?action=getcompany&CIK=0001883685&type=10-K&dateb=&owner=include&count=10,"EDGAR confirms the Boston HQ at 222 Berkeley Street (the published '5th Floor' is not in the filing). No Colorado office was verified, so the HQ fits the Colorado attorney."
226,DRL,corrected,"Dapeer, Rosenblit & Litvak LLP (DRL Law, Los Angeles)","11500 W. Olympic Blvd., Suite 550",LOS ANGELES,CA,90064,Dapeer Rosenblit & Litvak official contact page,https://www.drllaw.com/contact/,"For a Los Angeles attorney, 'DRL' is the LA law firm Dapeer Rosenblit & Litvak (whose name matches the donor's surname), not a Washington DC organisation."
227,DUANE MORRIS,correct,Duane Morris LLP (Philadelphia headquarters),30 South 17th Street,PHILADELPHIA,PA,19103,Duane Morris official Philadelphia office page,https://www.duanemorris.com/offices/philadelphia.html,"The three attorney donors are in FL, IL and NJ, each near a different office, so the Philadelphia HQ is used; the firm's site confirms 30 S 17th St."
228,DUKAS LINDEN PUBLIC RELATIONS,not_found,"Dukas Linden Public Relations (DLPR), New York",,,,,DLPR official contact page,https://dlpr.com/contact-us/,The firm says it is 'headquartered in New York' but has published no street address since at least 2021 (its 2017 site listed 100 West 26th St). The published 120 W 45th St could not be verified.
229,DW ADVERTISING,correct,"DW Advertising (Bloomfield, CT agency)",682 Bloomfield Ave.,BLOOMFIELD,CT,06002,DW Advertising official website (dw-advertising.com),https://dw-advertising.com/,"The agency's own site lists 682 Bloomfield Ave, Bloomfield CT, and its team page includes the donor as a remote content staffer."
230,EARLY LEARNING COALITION OF MIAMI-DADE AND MONROE,corrected,Early Learning Coalition of Miami-Dade/Monroe,"2555 Ponce de Leon Blvd., Suite 210",CORAL GABLES,FL,33134,Early Learning Coalition official website (Wayback snapshot 2026-09-12); IRS address via ProPublica agrees,http://web.archive.org/web/20260912144132/https://www.elcmdm.org/,"The coalition's site footer and its IRS registration both give 2555 Ponce de Leon Blvd, Coral Gables as the Miami-Dade office, not 5555 Biscayne Blvd."
231,EB5 CAPITAL,correct,EB5 Capital,"6106 MacArthur Blvd, 1st Floor",BETHESDA,MD,20816,EB5 Capital official contact page,https://eb5capital.com/contact-us/,The building is right. The company writes the unit as '1st Floor' rather than the published 'Ste 104'.
232,EISNER LLP,corrected,"Eisner, LLP (business and entertainment law firm, New York office)","40 West 57th Street, Suite 2030",NEW YORK,NY,10019,Eisner LLP official contact page and attorney profile,https://www.eisnerlaw.com/contact/,The donor is a partner in the New York office of Eisner LLP (offices in Beverly Hills and New York only). The published Irvine address is another company's.
233,ELDRIDGE,corrected,Eldridge (Eldridge Industries / Eldridge Capital Management),"767 Fifth Avenue, Floor 17",NEW YORK,NY,10153,Eldridge official contact page (people directory confirms Dallas legal staff),https://www.eldridge.com/contact,"The donor is Managing Director, Legal at Eldridge Industries in Dallas, but Eldridge does not publish the Dallas office street address. Its only firm-level New York office is 767 Fifth Avenue, Floor 17; the published 1345 Avenue of the Americas is not on the site."
234,ELM STREET PARTNERS,not_found,Elm Street Partners (real estate firm; identity unconfirmed),,,,,,,"No official website, registry record or directory entry could be found that ties a real estate principal in Delray Beach FL to an 'Elm Street Partners'. The published Houston address (820 Gessner) has no source and does not fit a Florida donor."
